,id,text,tweet_cleaned,tweet_cleaned_less,VDR_sentiment,VDR_sentiment_2,TB_sentiment,VDR_detailed_sentiment,VDR_detailed_sentiment_2,VDR_s
0,1.24003521295789E+018,"As another #behaviourchange expert, I agree: If we can beat #Covid19 we can do the same for the #climatecrisis https://t.co/JTKYmEIOaA","another behaviour change expert, agree: beat climatecrisis","As another behaviour change expert, agree: If we can beat Covid we can do the same for the climatecrisis",{'compound': 0.3612},{'compound': 0.3612},0,"{'neg': 0.0, 'neu': 0.706, 'pos': 0.294}","{'neg': 0.0, 'neu': 0.878, 'pos': 0.122}",0.3612
1,1.25502546323334E+018,"Hope &amp; Ideas!

#endthelockdown https://t.co/aDaZ9fZkQP",hope; ideas! endthelockdown,Hope &amp; Ideas! endthelockdown,{'compound': 0.4926},{'compound': 0.4926},0,"{'neg': 0.0, 'neu': 0.385, 'pos': 0.615}","{'neg': 0.0, 'neu': 0.484, 'pos': 0.516}",0.4926
2,1.24792548778512E+018,Awesome to see you guys ‚ù§Ô∏è #AttitudeofGratitude https://t.co/eDjNDdxfSA,awesome see guys red heart attitudeof gratitude,Awesome to see you guys Attitudeof Gratitude,{'compound': 0.8126},{'compound': 0.8126},0.5,"{'neg': 0.0, 'neu': 0.403, 'pos': 0.597}","{'neg': 0.0, 'neu': 0.403, 'pos': 0.597}",0.8126
3,1.2370365757181E+018,Making #coronavirus behaviour change fun. Try it yourself and create your own poster! üôå #WashYourHands https://t.co/yxCoUdHhoj,making behaviour change fun. try create poster! raising hands wash hands,Making coronavirus behaviour change fun. Try it yourself and create your own poster! Wash Your Hands,{'compound': 0.69},{'compound': 0.69},0.375,"{'neg': 0.0, 'neu': 0.613, 'pos': 0.387}","{'neg': 0.0, 'neu': 0.711, 'pos': 0.289}",0.69
4,1.25185435566759E+018,"Important that we all are fully aware of this:

‚ÄòVaccine is not guaranteed‚Äô

We need to be #all_in on every other strategy, too:

Medical
Pharmaceutical
Diagnostic
Surveillance
Contact tracing
#HealthyBuildings
Behavior change
Testing
Protecting most vulnerable https://t.co/UvlxvVCbWk","important fully aware: vaccine not guaranteed need every strategy, : medical pharmaceutical diagnostic surveillance contact tracing healthy buildings behavior change testing protecting vulnerable","Important that we all are fully aware of this: Vaccine is not guaranteed We need to be all in on every other strategy, too: Medical Pharmaceutical Diagnostic Surveillance Contact tracing Healthy Buildings Behavior change Testing Protecting most vulnerable",{'compound': 0.3818},{'compound': 0.3197},0.13,"{'neg': 0.075, 'neu': 0.748, 'pos': 0.177}","{'neg': 0.053, 'neu': 0.839, 'pos': 0.108}",0.3818
5,1.2389815268194E+018,"If public confidence is needed, don‚Äôt send out the nudge ‚Äúdoctor‚Äù as front man. BBC letting itself down again. https://t.co/fYZ4GVdKig","public confidence needed, dont send nudge doctor front man. letting.","If public confidence is needed, dont send out the nudge doctor as front man. letting itself down again.",{'compound': 0.5106},{'compound': 0.5106},0,"{'neg': 0.0, 'neu': 0.732, 'pos': 0.268}","{'neg': 0.0, 'neu': 0.837, 'pos': 0.163}",0.5106
6,1.24581548916885E+018,Such an eye opening story. Thank you Dr. Schlesinger for all of the important advice! https://t.co/3xEJZnBMy6,eye opening story. thank dr. schlesinger important advice!,Such an eye opening story. Thank you Dr. Schlesinger for all of the important advice!,{'compound': 0.5562},{'compound': 0.5562},0.5,"{'neg': 0.0, 'neu': 0.566, 'pos': 0.434}","{'neg': 0.0, 'neu': 0.739, 'pos': 0.261}",0.5562
7,1.25511779481276E+018,#socialsciences #behavioralsciences Indeed lots of public health lessons from the HIV community and management of #COVID19 which involves a great deal of #behaviorchange https://t.co/39Nc0QlmT7,socialsciences behavioralsciences indeed lots public health lessons community management involves great deal behavior change,socialsciences behavioralsciences Indeed lots of public health lessons from the community and management of which involves great deal of behavior change,{'compound': 0.6249},{'compound': 0.6249},0.4,"{'neg': 0.0, 'neu': 0.76, 'pos': 0.24}","{'neg': 0.0, 'neu': 0.83, 'pos': 0.17}",0.6249
8,1.23830189319499E+018,Love the use of #GenderEquality messaging with part of  @JuliaGillard‚Äôs powerful speech to remind me about #20secondhandwash to prevent the spread of #COVID19 #BehaviourChange #FlattenTheCurve https://t.co/JJ86GVoUjO,love use gender equality messaging part powerful speech remind secondhandwash prevent spread behaviour change flatten curve,Love the use of Gender Equality messaging with part of powerful speech to remind me about secondhandwash to prevent the spread of Behaviour Change Flatten The Curve,{'compound': 0.7964},{'compound': 0.7964},0.4,"{'neg': 0.0, 'neu': 0.616, 'pos': 0.384}","{'neg': 0.0, 'neu': 0.748, 'pos': 0.252}",0.7964
9,1.24192561698472E+018,"#covid19 This is why citizens need higher math in school.

The linear chart on the left makes US an Italy look similar. But the logarithmic transform shows that Italy has peaked and US is just starting. 

A better understanding leads to more behavior change, and lives saved. https://t.co/PiK8beOpbv","citizens need higher math school. linear chart left makes italy look similar. logarithmic transform shows italy peaked starting. better understanding leads behavior change, lives saved.","covid This is why citizens need higher math in school. The linear chart on the left makes an Italy look similar. But the logarithmic transform shows that Italy has peaked and is just starting. better understanding leads to more behavior change, and lives saved.",{'compound': 0.6908},{'compound': 0.6908},0.15,"{'neg': 0.0, 'neu': 0.801, 'pos': 0.199}","{'neg': 0.0, 'neu': 0.881, 'pos': 0.119}",0.6908
10,1.25515700672343E+018,"Last week we chatted with @jasonchebib, VP Consumer Planning @Diageo_NA about the emerging post- #coronavirus consumer &amp; what behaviors may be changed for good.  Listen to #ABehavioralConvo here to catch up: https://t.co/5hMWEyTddv  #behavioralscience #cex #cx #mrx #brandstrategy https://t.co/YJUjxyxqQh",last week chatted consumer planning emerging post- consumer; behaviors changed good. listen behavioral convo catch: behavioral science cex cx mrx brandstrategy,Last week we chatted with Consumer Planning about the emerging post- coronavirus consumer &amp; what behaviors may be changed for good. Listen to Behavioral Convo here to catch up: behavioral science cex cx mrx brandstrategy,{'compound': 0.4404},{'compound': 0.4404},0.35,"{'neg': 0.0, 'neu': 0.873, 'pos': 0.127}","{'neg': 0.0, 'neu': 0.921, 'pos': 0.079}",0.4404
11,1.25009546958756E+018,"Will #COVID19 prevention messaging trigger &amp; sustain #behaviorchange? Success depends on how a message is crafted &amp; how current evidence is applied. @fhi360's Julia Rosenbaum explores her fave existing evidence on fear-based messaging &amp; the use of nudges: 
https://t.co/RXVzaKcpdk",prevention messaging trigger; sustain behaviorchange? success depends message crafted; current evidence applied. julia rosenbaum explores fave existing evidence fear-based messaging; use nudges:,Will prevention messaging trigger &amp; sustain behaviorchange? Success depends on how message is crafted &amp; how current evidence is applied. Julia Rosenbaum explores her fave existing evidence on fear-based messaging &amp; the use of nudges:,{'compound': 0.765},{'compound': 0.765},0.15,"{'neg': 0.0, 'neu': 0.752, 'pos': 0.248}","{'neg': 0.0, 'neu': 0.833, 'pos': 0.167}",0.765
12,1.25177860922573E+018,@RotaryMalvern üñêÔ∏èüö∞ #rotary #handwashing #behaviourchange project #handhygieneforhealth WATCH VIDEO https://t.co/uKEEDPh8e0 https://t.co/HtUOzsVYKT with #SPATAP Portable Tap making communities hygienic instantly https://t.co/7X3H0SlUB7  info@handhygieneforhealth.org #COVID19 https://t.co/eUy3x8Xwlv,raised hand fingers splayedpotable water rotary hand washing behaviour change project handhygieneforhealth portable tap making communities hygienic instantly info,rotary hand washing behaviour change project handhygieneforhealth with Portable Tap making communities hygienic instantly info,{'compound': 0.7506},{'compound': 0.4939},0,"{'neg': 0.0, 'neu': 0.726, 'pos': 0.274}","{'neg': 0.0, 'neu': 0.814, 'pos': 0.186}",0.7506
13,1.23778652785133E+018,"Suggested books

~ Abundance by @PeterDiamandis 
~ Thinking Fast and Slow by Daniel Kahneman
~ The Black Swan by @nntaleb 

Start working on your mind. 
Say to yourself, Ooin! I am doing well.  

Ooin by @mrmacaronii 

#COVID19 #coronavirus https://t.co/HMW0e5pn1z","suggested books abundance thinking fast slow black swan start working mind. say, ooin! well. ooin","Suggested books Abundance by Thinking Fast and Slow by Daniel Kahneman The Black Swan by Start working on your mind. Say to yourself, Ooin! am doing well. Ooin by coronavirus",{'compound': 0.3382},{'compound': 0.3382},-0.103,"{'neg': 0.0, 'neu': 0.854, 'pos': 0.146}","{'neg': 0.0, 'neu': 0.924, 'pos': 0.076}",0.3382
14,1.24274641907877E+018,"Behavioural Design to keep safe distance 

#coronavirus #COVID„Éº19 #socialdistancing #behavioralscience #nudge #nudging #behaviouralscience #behavioraldesign #safety #essentials https://t.co/wP3hn28p8X",behavioural design keep safe distance social distancing behavioral science nudge nudging behavioural science behavioraldesign safety essentials,Behavioural Design to keep safe distance coronavirus social distancing behavioral science nudge nudging behavioural science behavioraldesign safety essentials,{'compound': 0.6908},{'compound': 0.6908},0.267,"{'neg': 0.0, 'neu': 0.711, 'pos': 0.289}","{'neg': 0.0, 'neu': 0.737, 'pos': 0.263}",0.6908
15,1.24639440740387E+018,"Fabulous thread
#change #motivation #COVID19 https://t.co/XXw5XLGUBA",fabulous thread change motivation,Fabulous thread change motivation,{'compound': 0.7003},{'compound': 0.7003},0.4,"{'neg': 0.0, 'neu': 0.256, 'pos': 0.744}","{'neg': 0.0, 'neu': 0.256, 'pos': 0.744}",0.7003
16,1.23814623145038E+018,"Vulnerable and old people stay at home please. 

Please don't be a bother. 

Cocoon yourself.  Wrap yourself away and don't bother the economically active https://t.co/df4Z2jNevV",vulnerable old people stay home please. please not bother. cocoon. wrap away not bother economically active,Vulnerable and old people stay at home please. Please don't be bother. Cocoon yourself. Wrap yourself away and don't bother the economically active,{'compound': 0.5445},{'compound': 0.8162},-0.178,"{'neg': 0.182, 'neu': 0.438, 'pos': 0.38}","{'neg': 0.063, 'neu': 0.562, 'pos': 0.376}",0.5445
17,1.24106396879548E+018,H+K Director of Behavioral Science @Dan_Berry79 explained the most effective messages for behavioral change amidst #COVID19 on Sky News yesterday. Watch the video here: https://t.co/MeqvbfzpaC #HKinsights #coronavirus @HK_London https://t.co/o9gzyWl4gt,h+ director behavioral science explained effective messages behavioral change amidst sky news yesterday. watch video: kinsights,H+ Director of Behavioral Science explained the most effective messages for behavioral change amidst on Sky News yesterday. Watch the video here: Kinsights coronavirus,{'compound': 0.4767},{'compound': 0.5256},0.6,"{'neg': 0.0, 'neu': 0.829, 'pos': 0.171}","{'neg': 0.0, 'neu': 0.871, 'pos': 0.129}",0.4767
18,1.24272994712444E+018,"It is important that the information you are accessing is helpful, especially during this time. This is a great summary of how information can be biased and the potential impact that can have. Stay informed, stay connected and stay safe! https://t.co/SMynqdJgdR","important information accessing helpful, especially time. great summary information biased potential impact. stay informed, stay connected stay safe!","It is important that the information you are accessing is helpful, especially during this time. This is great summary of how information can be biased and the potential impact that can have. Stay informed, stay connected and stay safe!",{'compound': 0.877},{'compound': 0.8687},0.365,"{'neg': 0.077, 'neu': 0.477, 'pos': 0.446}","{'neg': 0.044, 'neu': 0.708, 'pos': 0.248}",0.877
19,1.23627304884573E+018,Another very good episode of real world behavioural science with @Stu_King_Hh this time in conversation with @SusanMichie and @jimmcmanusph discussing behavioural science as it applies to the #coronavirus and #publichealth https://t.co/kfDfiLtRGB,another good episode real world behavioural science time conversation discussing behavioural science applies publichealth,Another very good episode of real world behavioural science with this time in conversation with and discussing behavioural science as it applies to the coronavirus and publichealth,{'compound': 0.4404},{'compound': 0.4927},0.45,"{'neg': 0.0, 'neu': 0.818, 'pos': 0.182}","{'neg': 0.0, 'neu': 0.891, 'pos': 0.109}",0.4404
20,1.24032843462418E+018,Behaviour change in response to #COVID19 is correlated with party identification. Left-leaning are quicker to adapt than right-leaning. Survey by @TheEconomist and @YouGov https://t.co/FgBUCPozwi,behaviour change response correlated party identification. left-leaning quicker adapt right-leaning. survey,Behaviour change in response to is correlated with party identification. Left-leaning are quicker to adapt than right-leaning. Survey by and,{'compound': 0.4019},{'compound': 0.4019},0,"{'neg': 0.0, 'neu': 0.787, 'pos': 0.213}","{'neg': 0.0, 'neu': 0.876, 'pos': 0.124}",0.4019
21,1.25532996868025E+018,"We have used a new behavioural science study by @HKStrategies &amp; their creativity to develop a series of #COVID19 resources to help everyone effectively convey key messages &amp; #SlowtheSpread. Get those and 10,000+ free #coronavirus images at https://t.co/np3iUx39Nm https://t.co/Vv5aWKxdvP","used new behavioural science study; creativity develop series resources help everyone effectively convey key messages; slowthe spread. get, + free images","We have used new behavioural science study by &amp; their creativity to develop series of resources to help everyone effectively convey key messages &amp; Slowthe Spread. Get those and ,+ free coronavirus images at",{'compound': 0.8885},{'compound': 0.8885},0.284,"{'neg': 0.0, 'neu': 0.582, 'pos': 0.418}","{'neg': 0.0, 'neu': 0.723, 'pos': 0.277}",0.8885
22,1.25625236064233E+018,BBC Finally Admits Communist Union Organiser Assisted with Panorama https://t.co/mJsdINFQ6j #bbcpanorama #NHS #covid19 #c4news #skynews #itvnews #bbcpm #bbcqt #Ridge #marr #peston #r4today they had another communist Susan Michie on #bbcbreakfast,finally admits communist union organiser assisted panorama bbcpanorama cnews skynews itvnews bbcpm bbcqt ridge marr peston rtoday another communist bbcbreakfast,Finally Admits Communist Union Organiser Assisted with Panorama bbcpanorama covid cnews skynews itvnews bbcpm bbcqt Ridge marr peston rtoday they had another communist Susan Michie on bbcbreakfast,{'compound': 0.296},{'compound': 0.296},0,"{'neg': 0.0, 'neu': 0.896, 'pos': 0.104}","{'neg': 0.0, 'neu': 0.922, 'pos': 0.078}",0.296
23,1.24406719755685E+018,"Just passing this on but hope it's hype, if they start the Herd Immunity behaviour in the UK it will result it maybe 100K deaths easily üòü
We need more respirators #COVID19 https://t.co/hThrgwwU6g","passing hope hype, start herd immunity behaviour result maybe deaths easily worried face need respirators","Just passing this on but hope it's hype, if they start the Herd Immunity behaviour in the it will result it maybe deaths easily We need more respirators",{'compound': 0.4767},{'compound': 0.7876},0.433,"{'neg': 0.113, 'neu': 0.615, 'pos': 0.272}","{'neg': 0.0, 'neu': 0.789, 'pos': 0.211}",0.4767
24,1.24756113457779E+018,"Important to remember the importance of mood in influencing people.. often forgotten in the rush to just get a message out! 

#COVID19 #BehavioralScience #behaviorchange @Mindequity01 https://t.co/T7i4Kdmcjo",important remember importance mood influencing people .. often forgotten rush get message! behavioral science behavior change,Important to remember the importance of mood in influencing people.. often forgotten in the rush to just get message out! Behavioral Science behavior change,{'compound': 0.4003},{'compound': 0.4003},0.5,"{'neg': 0.097, 'neu': 0.667, 'pos': 0.236}","{'neg': 0.069, 'neu': 0.764, 'pos': 0.167}",0.4003
25,1.2479262301266E+018,We help young people feel more in control of their lives even in the most challenging of circumstances. It was great to work with @Sail_Creative who are also making a significant impact to young people‚Äôs lives #mentallypreparingyp https://t.co/8sEUPXeebd,help young people feel control lives even challenging circumstances. great work also making significant impact young peoples lives mentallypreparingyp,We help young people feel more in control of their lives even in the most challenging of circumstances. It was great to work with who are also making significant impact to young peoples lives mentallypreparingyp,{'compound': 0.8481},{'compound': 0.8588},0.375,"{'neg': 0.0, 'neu': 0.595, 'pos': 0.405}","{'neg': 0.0, 'neu': 0.747, 'pos': 0.253}",0.8481
26,1.24034423149296E+018,I can't wait to share this with my health behavior change students. Thanks for the application @SusanMichie üòÑüëç https://t.co/MuFy4HsxVe,ca not wait share health behavior change students. thanks application smiling face open mouth smiling eyesthumbs,can't wait to share this with my health behavior change students. Thanks for the application,{'compound': 0.7913},{'compound': 0.2528},0.1,"{'neg': 0.083, 'neu': 0.527, 'pos': 0.391}","{'neg': 0.106, 'neu': 0.731, 'pos': 0.163}",0.7913
27,1.25556888268692E+018,"Ask leaders to make #BehavioralScience core #education RT @BITAmericas: RT @BloombergCities: Face masks. Staying home. Social distancing. We've all had to adopt new behaviors in response to #COVID19.

Here's 5 t‚Ä¶",ask leaders make behavioral science core education face masks. staying home. social distancing. adopt new behaviors response d.,Ask leaders to make Behavioral Science core education Face masks. Staying home. Social distancing. We've all had to adopt new behaviors in response to D. Here's,{'compound': 0.1779},{'compound': 0.1779},0.085,"{'neg': 0.0, 'neu': 0.909, 'pos': 0.091}","{'neg': 0.0, 'neu': 0.936, 'pos': 0.064}",0.1779
28,1.25629116840234E+018,100% agreed. https://t.co/PXL5k9kimD,agreed.,agreed.,{'compound': 0.2732},{'compound': 0.2732},0,"{'neg': 0.0, 'neu': 0.0, 'pos': 1.0}","{'neg': 0.0, 'neu': 0.0, 'pos': 1.0}",0.2732
29,1.25279806286019E+018,Join behavioural strategist @TheaKnight online at 11 am tomorrow 23 April to discover how you can apply #behaviouralscience to encourage continued adherence and prepare for new behaviours down the #COVID19 alert levels. https://t.co/xtbR2SP2xH #StaySafe #behaviourchange https://t.co/dR09RjZBUg,join behavioural strategist online tomorrow discover apply behavioural science encourage continued adherence prepare new behaviours alert levels. stay safe behaviour change,Join behavioural strategist online at am tomorrow April to discover how you can apply behavioural science to encourage continued adherence and prepare for new behaviours down the alert levels. Stay Safe behaviour change,{'compound': 0.8625},{'compound': 0.8625},0.318,"{'neg': 0.0, 'neu': 0.616, 'pos': 0.384}","{'neg': 0.0, 'neu': 0.732, 'pos': 0.268}",0.8625
30,1.2536951983512E+018,"""So I‚Äôm going to let the #restaurant sleep, like beauty she is, shallow breathing, dormant. And see what she looks like when she wakes up‚Ä¶in a city that may no longer recognize, want or need her""‚Äî #GabrielleHamilton https://t.co/QxEB6cr8q3 #covid19 #prunenyc #BehavioralEconomics","im going let restaurant sleep, like beauty, shallow breathing, dormant. see looks like wakes upin city no longer recognize, want need '' gabrielle hamilton prunenyc behavioral economics","So Im going to let the restaurant sleep, like beauty she is, shallow breathing, dormant. And see what she looks like when she wakes upin city that may no longer recognize, want or need her"" Gabrielle Hamilton covid prunenyc Behavioral Economics",{'compound': 0.7845},{'compound': 0.7845},-0.333,"{'neg': 0.064, 'neu': 0.641, 'pos': 0.294}","{'neg': 0.046, 'neu': 0.745, 'pos': 0.209}",0.7845
31,1.23956082843037E+018,Why is it so hard not to touch your face? You are much more likely to be successful at changing your behavior if you focus on developing a new habit rather than stopping an old one. #BehaviorChange #COVID19 via @abmarkman @FastCompany   https://t.co/cnSVeHDafL,hard not touch face? much likely successful changing behavior focus developing new habit rather stopping old one. behavior change,Why is it so hard not to touch your face? You are much more likely to be successful at changing your behavior if you focus on developing new habit rather than stopping an old one. Behavior Change via,{'compound': 0.4215},{'compound': 0.3256},0.139,"{'neg': 0.132, 'neu': 0.702, 'pos': 0.167}","{'neg': 0.082, 'neu': 0.828, 'pos': 0.09}",0.4215
32,1.25487433097614E+018,"Ask leaders to make #BehavioralScience core #education RT @diegogirlca: RT @GreenBook: The Case for Optimism, According to Behavioral Science @PRSINVIVO #mrx #covid19 #behavioralscience https://t.co/tUAjOqny1r h‚Ä¶","ask leaders make behavioral science core education case optimism, according behavioral science mrx behavioral science","Ask leaders to make Behavioral Science core education The Case for Optimism, According to Behavioral Science mrx covid behavioral science",{'compound': 0.5423},{'compound': 0.5423},0,"{'neg': 0.0, 'neu': 0.8, 'pos': 0.2}","{'neg': 0.0, 'neu': 0.844, 'pos': 0.156}",0.5423
33,1.23878485586291E+018,"@carolecadwalla Prof. Ian Donald is a professor of behavioural science. It's extremely interesting to hear what this other Medical doctor has to say about #HerdImmunity . Please also see his other tweets...

https://t.co/t6oNFrbNxq",prof. ian donald professor behavioural science. extremely interesting hear medical doctor say herd immunity please also see tweets ...,Prof. Ian Donald is professor of behavioural science. It's extremely interesting to hear what this other Medical doctor has to say about Herd Immunity Please also see his other tweets...,{'compound': 0.6478},{'compound': 0.6478},0.25,"{'neg': 0.0, 'neu': 0.763, 'pos': 0.237}","{'neg': 0.0, 'neu': 0.841, 'pos': 0.159}",0.6478
34,1.23852337046093E+018,"@lewis_goodall @adamboultonSKY Government policy in behavioural science has been heavily weighted for #COVID19, while other factors like quarantine, safety of vulnerable and infirm have been left as footnotes. #coronavirus doesn‚Äôt recognize herd immunity or herd mentality.","government policy behavioural science heavily weighted, factors like quarantine, safety vulnerable infirm left footnotes. doesnt recognize herd immunity herd mentality.","Government policy in behavioural science has been heavily weighted for D, while other factors like quarantine, safety of vulnerable and infirm have been left as footnotes. coronavirus doesnt recognize herd immunity or herd mentality.",{'compound': 0.5267},{'compound': 0.5267},-0.233,"{'neg': 0.079, 'neu': 0.702, 'pos': 0.219}","{'neg': 0.05, 'neu': 0.812, 'pos': 0.139}",0.5267
35,1.23840002383195E+018,"2010 piece on Cameron‚Äôs new ‚Äònudge‚Äô unit.

‚ÄúThe aim of the unit, strongly supported by George Osborne, is to explore ways of encouraging citizens to behave in social ways relying on market incentives, as opposed to regulations.‚Äù
#coronavirus
#market

https://t.co/c9xh9gmQsX","piece camerons new nudge unit. aim unit, strongly supported george osborne, explore ways encouraging citizens behave social ways relying market incentives, opposed regulations. market","piece on Camerons new nudge unit. The aim of the unit, strongly supported by George Osborne, is to explore ways of encouraging citizens to behave in social ways relying on market incentives, as opposed to regulations. coronavirus market",{'compound': 0.8442},{'compound': 0.8442},0.201,"{'neg': 0.0, 'neu': 0.664, 'pos': 0.336}","{'neg': 0.0, 'neu': 0.771, 'pos': 0.229}",0.8442
36,1.24813748264807E+018,How can social and behavioural sciences support the response to COVID? New paper in Nature üëá https://t.co/r0xqgR5fSK,social behavioural sciences support response? new paper nature backhand index pointing,How can social and behavioural sciences support the response to D? New paper in Nature,{'compound': 0.4019},{'compound': 0.4019},0.085,"{'neg': 0.0, 'neu': 0.787, 'pos': 0.213}","{'neg': 0.0, 'neu': 0.838, 'pos': 0.162}",0.4019
37,1.24348963558356E+018,Now I‚Äôm recovered a big thanks to all the great writers who kept @BylineTimes at the front of the battle to help the NHS counter #coronavirus and the disinformation around it. Above all to @Hardeep_Matharu who has kept the site buzzing virtually solo https://t.co/Q7EM13xJN2,im recovered big thanks great writers kept front battle help counter disinformation around. kept site buzzing virtually solo,Now Im recovered big thanks to all the great writers who kept at the front of the battle to help the counter coronavirus and the disinformation around it. Above all to who has kept the site buzzing virtually solo,{'compound': 0.7964},{'compound': 0.7964},0.333,"{'neg': 0.099, 'neu': 0.532, 'pos': 0.369}","{'neg': 0.055, 'neu': 0.74, 'pos': 0.205}",0.7964
38,1.24111580362333E+018,Great article from my colleague and friend about what BeSci can and can not do against #coronavirus https://t.co/jGeBEz5bXL,great colleague friend sci not,Great article from my colleague and friend about what Be Sci can and can not do against coronavirus,{'compound': 0.8074},{'compound': 0.8074},0.8,"{'neg': 0.0, 'neu': 0.291, 'pos': 0.709}","{'neg': 0.0, 'neu': 0.687, 'pos': 0.313}",0.8074
39,1.23785905677507E+018,"@DrAdamErrington And the next piece I come to in my TL states precisely what you‚Äôre saying. 

Oh god. And meantime the gov taking advice from behavioural insights team and telling us to wash our hands. 

https://t.co/frL7JmhUCQ https://t.co/Pwe2cnmYrQ",next piece come states precisely youre saying. oh god. meantime gov taking advice behavioural insights team telling us wash hands.,And the next piece come to in my states precisely what youre saying. Oh god. And meantime the gov taking advice from behavioural insights team and telling us to wash our hands.,{'compound': 0.2732},{'compound': 0.2732},0.2,"{'neg': 0.0, 'neu': 0.9, 'pos': 0.1}","{'neg': 0.0, 'neu': 0.937, 'pos': 0.063}",0.2732
40,1.24934770701098E+018,Amazon is around 40% of U.S. e-commerce. Thought-provoking piece from @erica_pandey. The behavior change established now will remain after #COVID19. https://t.co/MHbHXIuhWL,amazon around u. s. e-commerce. thought-provoking piece behavior change established remain.,Amazon is around of U. S. e-commerce. Thought-provoking piece from The behavior change established now will remain after D.,{'compound': 0.1779},{'compound': 0.1779},0.4,"{'neg': 0.0, 'neu': 0.855, 'pos': 0.145}","{'neg': 0.0, 'neu': 0.914, 'pos': 0.086}",0.1779
41,1.2436146103197E+018,Proud to be part of this inspiring meeting to galvanise UK #healthpsychology to respond to #COVID19 as academics and health care professionals at the forefront of #healthpsychology &amp; #behaviouralscience @UWEBristol @PsychUWEBristol @000_sally @griffiths_marc @divhealthpsych https://t.co/sMjhBB48VA,proud part inspiring meeting galvanise healthpsychology respond academics health care professionals forefront healthpsychology; behavioural science,Proud to be part of this inspiring meeting to galvanise healthpsychology to respond to as academics and health care professionals at the forefront of healthpsychology &amp; behavioural science,{'compound': 0.8442},{'compound': 0.8608},0.65,"{'neg': 0.0, 'neu': 0.569, 'pos': 0.431}","{'neg': 0.0, 'neu': 0.724, 'pos': 0.276}",0.8442
42,1.23708991820102E+018,"@realDonaldTrump ACTUAL SCIENCE: Travel bans without public health and behavior change interventions have modest (ie small, like your hands) effect. But keep insisting your response is perfect, like the phone call. https://t.co/2io1ycGy8p","e: travel bans without public health behavior change interventions modest ( ie small, like hands confusion effect. keep insisting response perfect, like phone call.","E: Travel bans without public health and behavior change interventions have modest (ie small, like your hands) effect. But keep insisting your response is perfect, like the phone call.",{'compound': 0.7579},{'compound': 0.8271},0.212,"{'neg': 0.074, 'neu': 0.635, 'pos': 0.291}","{'neg': 0.0, 'neu': 0.749, 'pos': 0.251}",0.7579
43,1.24856286912333E+018,This new #decade and the reaching for the #SDGs needs us to re-think. And develop better ways of doing things. #COVID19 is teaching us a lesson #NTVNews @citizentvkenya https://t.co/HA5STxsaKn,new decade reaching gs needs us re-think. develop better ways things. teaching us lesson news,This new decade and the reaching for the Gs needs us to re-think. And develop better ways of doing things. is teaching us lesson News,{'compound': 0.5719},{'compound': 0.5719},0.318,"{'neg': 0.0, 'neu': 0.734, 'pos': 0.266}","{'neg': 0.0, 'neu': 0.83, 'pos': 0.17}",0.5719
44,1.24996403087112E+018,"Remember the Nudge Unit director's talk of ""cocooning"" the vulnerable? 

Today the director of UK's largest care home operator says that there are cases of #Covid19 in two-thirds (67%) of its care homes - much higher than the official figure of 13% quoted by the CMO yesterday. https://t.co/j0zDzhSxFh",remember nudge unit director talk `` cocooning '' vulnerable? today director k largest care home operator says cases two-thirds drunk confused care homes much higher official figure quoted yesterday.,"Remember the Nudge Unit director's talk of ""cocooning"" the vulnerable? Today the director of K's largest care home operator says that there are cases of Covid in two-thirds (%) of its care homes much higher than the official figure of quoted by the yesterday.",{'compound': 0.2023},{'compound': 0.6705},-0.287,"{'neg': 0.183, 'neu': 0.639, 'pos': 0.178}","{'neg': 0.039, 'neu': 0.832, 'pos': 0.13}",0.2023
45,1.2464249556985E+018,"As an ‚Äúessential industry‚Äù, food-related organizations now face a unique challenge in controlling exposure to #COVID19 . #foodsafety #coronavirus #foodsafetyculture #behavior #sanitation https://t.co/wS5OSI1X1a","essential industry, food-related organizations face unique challenge controlling exposure foodsafety foodsafetyculture behavior sanitation","As an essential industry, food-related organizations now face unique challenge in controlling exposure to foodsafety coronavirus foodsafetyculture behavior sanitation",{'compound': 0.0772},{'compound': 0.0772},0.188,"{'neg': 0.0, 'neu': 0.902, 'pos': 0.098}","{'neg': 0.0, 'neu': 0.933, 'pos': 0.067}",0.0772
46,1.24216426550464E+018,"I have yet to see a great behavioral / nudge take on how to ensure maximum compliance with physical distancing and hygiene guidelines. 

Where are the #BehavioralEconomics people on #COVID19 &amp; how to turn the predictably irrational #COVIDIOTS into compliant, responsible citizens?","yet see great behavioral nudge take ensure maximum compliance physical distancing hygiene guidelines. behavioral economics people; turn predictably irrational compliant, responsible citizens?","have yet to see great behavioral nudge take on how to ensure maximum compliance with physical distancing and hygiene guidelines. Where are the Behavioral Economics people on &amp; how to turn the predictably irrational into compliant, responsible citizens?",{'compound': 0.765},{'compound': 0.765},0.2,"{'neg': 0.082, 'neu': 0.612, 'pos': 0.306}","{'neg': 0.053, 'neu': 0.749, 'pos': 0.198}",0.765
47,1.24203773588139E+018,"Forced out of autopilot by #COVID19 ? Don't miss this opportunity to make critical changes to your #leadership! Check out how to leverage #behaviouraleconomics and #psychology to make the best of #WorkingFromHomeLife and have a stronger team as a result!

https://t.co/SD3EcdVLBA",forced autopilot not miss opportunity make critical changes leadership! check leverage behavioural economics psychology make best working home life stronger team result!,Forced out of autopilot by Don't miss this opportunity to make critical changes to your leadership! Check out how to leverage behavioural economics and psychology to make the best of Working From Home Life and have stronger team as result!,{'compound': 0.2951},{'compound': 0.7768},0.233,"{'neg': 0.235, 'neu': 0.493, 'pos': 0.272}","{'neg': 0.103, 'neu': 0.662, 'pos': 0.235}",0.2951
48,1.23897107989844E+018,"The role of psychology in slowing #COVID19 - @SusanMichie &amp; other behavioural scientists call for greater transparency in evidence base to increase public trust in government advice
By @hannahdev @guardian 
https://t.co/uMpozGGG1l",role psychology slowing; behavioural scientists call greater transparency evidence base increase public trust government advice,The role of psychology in slowing &amp; other behavioural scientists call for greater transparency in evidence base to increase public trust in government advice By,{'compound': 0.7964},{'compound': 0.7964},-0.1,"{'neg': 0.0, 'neu': 0.597, 'pos': 0.403}","{'neg': 0.0, 'neu': 0.731, 'pos': 0.269}",0.7964
49,1.23996793417007E+018,"And then this happens! Norm MacDonald shared my article! #HappyStPatricksDay 

https://t.co/pQPmd6rYRX

#YourHappinessHypothesis #relationships #behavioralscience #dating #datingapps #onlinedating #single #datingtrends #CORONAVIRUS #CORONAVIRUS
#COVID19 #COVID19ANXIETY https://t.co/KoLfrJaWBD",happens! norm mac donald shared! happy st patricks day happiness hypothesis relationships behavioral science dating datingapps onlinedating single datingtrends,And then this happens! Norm Mac Donald shared my article! Happy St Patricks Day Your Happiness Hypothesis relationships behavioral science dating datingapps onlinedating single datingtrends,{'compound': 0.8829},{'compound': 0.8829},0.476,"{'neg': 0.0, 'neu': 0.609, 'pos': 0.391}","{'neg': 0.0, 'neu': 0.681, 'pos': 0.319}",0.8829
50,1.25519141991394E+018,"Ask leaders to make #BehavioralScience core #education RT @PeterFrankCosta: RT @Protobrand: Last week we chatted with @jasonchebib, VP Consumer Planning @Diageo_NA about the emerging post- #coronavirus consumer &amp; wh‚Ä¶",ask leaders make behavioral science core education last week chatted consumer planning emerging post- consumer; wh,Ask leaders to make Behavioral Science core education Last week we chatted with Consumer Planning about the emerging post- coronavirus consumer &amp; wh,{'compound': 0.0},{'compound': 0.0},0,"{'neg': 0.0, 'neu': 1.0, 'pos': 0.0}","{'neg': 0.0, 'neu': 1.0, 'pos': 0.0}",0
51,1.2454682092786E+018,Will consumer behavior &amp; pattern fundamentally or only modestly change when we come out on the other side? #COVID19 #ChangesTheMovement  #behavioraleconomics,consumer behavior; pattern fundamentally modestly change come side? changes movement behavioral economics,Will consumer behavior &amp; pattern fundamentally or only modestly change when we come out on the other side? Changes The Movement behavioral economics,{'compound': 0.0},{'compound': 0.0},0.1,"{'neg': 0.0, 'neu': 1.0, 'pos': 0.0}","{'neg': 0.0, 'neu': 1.0, 'pos': 0.0}",0
52,1.24308764663472E+018,Although new data is being produced all the time now to refine the model. https://t.co/Shgbpc38mI,although new data produced time refine model.,Although new data is being produced all the time now to refine the model.,{'compound': 0.0},{'compound': 0.0},0.136,"{'neg': 0.0, 'neu': 1.0, 'pos': 0.0}","{'neg': 0.0, 'neu': 1.0, 'pos': 0.0}",0
53,1.23805342845629E+018,@piersmorgan listen to a rational person on Coronavirus https://t.co/ndoyAOEBEs,listen rational person,listen to rational person on Coronavirus,{'compound': 0.0},{'compound': 0.0},0,"{'neg': 0.0, 'neu': 1.0, 'pos': 0.0}","{'neg': 0.0, 'neu': 1.0, 'pos': 0.0}",0
54,1.2457411189454E+018,"We need to ""replace the term 'social distancing' w/'spatial distancing,'"" says Loewenstein. This is in line w/Nick Epley's rec from last night's 
@CDR_Booth webinar: We don't need to distance ourselves socially, just physically. #BehavioralScience #COVID19 https://t.co/WRSacpD4jZ","need `` replace term 'social distancing ' w/'spatial distancing, ' '' says loewenstein. line w/ nick epley rec last night webinar: not need distance socially, physically. behavioral science","We need to ""replace the term 'social distancing' w/'spatial distancing,'"" says Loewenstein. This is in line w/ Nick Epley's rec from last night's webinar: We don't need to distance ourselves socially, just physically. Behavioral Science",{'compound': 0.0},{'compound': 0.0},0.011,"{'neg': 0.0, 'neu': 1.0, 'pos': 0.0}","{'neg': 0.0, 'neu': 1.0, 'pos': 0.0}",0
55,1.23814901593975E+018,Lock gran up for a cpl of weeks and all will be o.k.! https://t.co/Wetv9cMKRS,lock gran cpl weeks o.k. !,Lock gran up for cpl of weeks and all will be o.k.!,{'compound': 0.0},{'compound': 0.0},0,"{'neg': 0.0, 'neu': 1.0, 'pos': 0.0}","{'neg': 0.0, 'neu': 1.0, 'pos': 0.0}",0
56,1.25399900785414E+018,Ideas................. https://t.co/aDaZ9fZkQP,ideas .................,Ideas.................,{'compound': 0.0},{'compound': 0.0},0,"{'neg': 0.0, 'neu': 1.0, 'pos': 0.0}","{'neg': 0.0, 'neu': 1.0, 'pos': 0.0}",0
57,1.23581877071674E+018,Ask leaders to make #BehavioralScience core #education RT @damani_anand: RT @BriefcaseTweets: Behavioural Design to get people to use the sanitizer @NudgingforKids #coronavirus #COVID19 #behaviouraldesign #behavi‚Ä¶,ask leaders make behavioral science core education behavioural design get people use sanitizer behaviouraldesign behavi,Ask leaders to make Behavioral Science core education Behavioural Design to get people to use the sanitizer coronavirus behaviouraldesign behavi,{'compound': 0.0},{'compound': 0.0},0,"{'neg': 0.0, 'neu': 1.0, 'pos': 0.0}","{'neg': 0.0, 'neu': 1.0, 'pos': 0.0}",0
58,1.23836606415893E+018,People go to the pub before live sporting events https://t.co/YOrRlxmVWR,people go pub live sporting events,People go to the pub before live sporting events,{'compound': 0.0},{'compound': 0.0},0.136,"{'neg': 0.0, 'neu': 1.0, 'pos': 0.0}","{'neg': 0.0, 'neu': 1.0, 'pos': 0.0}",0
59,1.24673567384505E+018,Ask leaders to make #BehavioralScience core #education RT @ScalarHumanity: Ask leaders to make #BehavioralScience core #education RT @JustBeMentalist: RT @DavidIHodgson: #COVID19‚Ä¶ https://t.co/sfW2UuBOO8,ask leaders make behavioral science core education ask leaders make behavioral science core education,Ask leaders to make Behavioral Science core education Ask leaders to make Behavioral Science core education,{'compound': 0.0},{'compound': 0.0},0,"{'neg': 0.0, 'neu': 1.0, 'pos': 0.0}","{'neg': 0.0, 'neu': 1.0, 'pos': 0.0}",0
60,1.24997446058679E+018,history will tell us..... https://t.co/OZRReDjsnj,history tell us .....,history will tell us.....,{'compound': 0.0},{'compound': 0.0},0,"{'neg': 0.0, 'neu': 1.0, 'pos': 0.0}","{'neg': 0.0, 'neu': 1.0, 'pos': 0.0}",0
61,1.25522165105633E+018,Designing for Behavior Changes During a Pandemic. ‚Å¶@amybphd‚Å© #behaviorchange #COVID19 ‚Å¶@WeWalife‚Å©  https://t.co/Pnobx8UF7O,designing behavior changes. behavior change,Designing for Behavior Changes During Pandemic. behavior change,{'compound': 0.0},{'compound': 0.0},0,"{'neg': 0.0, 'neu': 1.0, 'pos': 0.0}","{'neg': 0.0, 'neu': 1.0, 'pos': 0.0}",0
62,1.25153766587223E+018,THREAD #Covid_19 #covid #coronavirus #coronavirusUK #borisjohnson #dominiccummings #nudgeunit #ventilators #ventilatorshortage https://t.co/j9V6rhA1Kq,borisjohnson dominiccummings nudgeunit ventilators ventilatorshortage,Covid covid coronavirus coronavirus borisjohnson dominiccummings nudgeunit ventilators ventilatorshortage,{'compound': 0.0},{'compound': 0.0},0,"{'neg': 0.0, 'neu': 1.0, 'pos': 0.0}","{'neg': 0.0, 'neu': 1.0, 'pos': 0.0}",0
63,1.24428823139656E+018,"Here's Gary.
He's a world leading epidemiologist and behavioral scientist. Him and his 16 mates have done a poll.
We can all stand down!! https://t.co/oq3g7Z4A6w",gary. world leading epidemiologist behavioral scientist. mates done poll. stand! !,Here's Gary. He's world leading epidemiologist and behavioral scientist. Him and his mates have done poll. We can all stand down!!,{'compound': 0.0},{'compound': 0.0},0,"{'neg': 0.0, 'neu': 1.0, 'pos': 0.0}","{'neg': 0.0, 'neu': 1.0, 'pos': 0.0}",0
64,1.25039486723631E+018,How do brands connect with consumers during immense economic and behaviour change? Wrote a piece on how different brands are reacting to our changing reality. Link below üëáüèª https://t.co/p3Y6dOaETD,brands connect consumers immense economic behaviour change? wrote piece different brands reacting changing reality. backhand index pointing downlight skin tone,How do brands connect with consumers during immense economic and behaviour change? Wrote piece on how different brands are reacting to our changing reality. Link below,{'compound': 0.0},{'compound': 0.0},0.067,"{'neg': 0.0, 'neu': 1.0, 'pos': 0.0}","{'neg': 0.0, 'neu': 1.0, 'pos': 0.0}",0
65,1.24824025137562E+018,Using Behavioral Science to Control Exposure to #COVID19 and more on @FoodSafetyTech https://t.co/TSIbkWXXMx #FDA #FSMA #foodfraud #womeninfoodsafety,using behavioral science control exposure foodfraud womeninfoodsafety,Using Behavioral Science to Control Exposure to and more on foodfraud womeninfoodsafety,{'compound': 0.0},{'compound': 0.0},0,"{'neg': 0.0, 'neu': 1.0, 'pos': 0.0}","{'neg': 0.0, 'neu': 1.0, 'pos': 0.0}",0
66,1.25274528076154E+018,"Ask leaders to make #BehavioralScience core #education RT @DavidIHodgson: #COVID19 #Coronavirus #ToriesOut #PoliceState #PoliceStateUK #MassSurveillance
#BehavioralScience‚Ä¶ https://t.co/AUfRIEJ4e0",ask leaders make behavioral science core education tories police state police state mass surveillance behavioral science,Ask leaders to make Behavioral Science core education Coronavirus Tories Out Police State Police State Mass Surveillance Behavioral Science,{'compound': 0.0},{'compound': 0.0},0,"{'neg': 0.0, 'neu': 1.0, 'pos': 0.0}","{'neg': 0.0, 'neu': 1.0, 'pos': 0.0}",0
67,1.25263504913828E+018,"Sounds right with ref to #Covid19, see article by .@DrAseemMalhotra https://t.co/xV9S3OYcB9
and
Family weight management: changing behaviour techniques
https://t.co/GXvrVVlzGj https://t.co/MbDuMEh4kL","sounds right ref, see family weight management: changing behaviour techniques","Sounds right with ref to Covid, see article by and Family weight management: changing behaviour techniques",{'compound': 0.0},{'compound': 0.0},0.286,"{'neg': 0.0, 'neu': 1.0, 'pos': 0.0}","{'neg': 0.0, 'neu': 1.0, 'pos': 0.0}",0
68,1.25417974693569E+018,Ask leaders to make #BehavioralScience core #education RT @ScalarHumanity: Ask leaders to make #BehavioralScience core #education RT @gogsy58: RT @DavidIHodgson: #COVID19 #Coronavirus‚Ä¶ https://t.co/xX67DD3OZK,ask leaders make behavioral science core education ask leaders make behavioral science core education,Ask leaders to make Behavioral Science core education Ask leaders to make Behavioral Science core education Coronavirus,{'compound': 0.0},{'compound': 0.0},0,"{'neg': 0.0, 'neu': 1.0, 'pos': 0.0}","{'neg': 0.0, 'neu': 1.0, 'pos': 0.0}",0
69,1.24960462820069E+018,"Ask leaders to make #BehavioralScience core #education RT @DavidIHodgson: #COVID19 #Coronavirus #ToriesOut #PoliceState #PoliceStateUK #MassSurveillance
#BehavioralScience‚Ä¶ https://t.co/6UzQW8T9aa",ask leaders make behavioral science core education tories police state police state mass surveillance behavioral science,Ask leaders to make Behavioral Science core education Coronavirus Tories Out Police State Police State Mass Surveillance Behavioral Science,{'compound': 0.0},{'compound': 0.0},0,"{'neg': 0.0, 'neu': 1.0, 'pos': 0.0}","{'neg': 0.0, 'neu': 1.0, 'pos': 0.0}",0
70,1.24544849549615E+018,"Tracking #UK #behaviourchange
2 evaluate #physicaldistancing

#COVID19 Ro could fall&lt;&lt;1.0

Fingersü§û

@AdamJKucharski
https://t.co/XnIqASG3gz",tracking behaviour change evaluate physicaldistancing ro could fall lt; lt; . fingerscrossed fingers,Tracking behaviour change evaluate physicaldistancing Ro could fall&lt;&lt;. Fingers,{'compound': 0.0},{'compound': 0.0},0,"{'neg': 0.0, 'neu': 1.0, 'pos': 0.0}","{'neg': 0.0, 'neu': 1.0, 'pos': 0.0}",0
71,1.25031426929752E+018,"Ask leaders to make #BehavioralScience core #education RT @DavidIHodgson: #COVID19 #Coronavirus #ToriesOut #PoliceState #PoliceStateUK #MassSurveillance
#BehavioralScience‚Ä¶ https://t.co/uGUCjrmjp4",ask leaders make behavioral science core education tories police state police state mass surveillance behavioral science,Ask leaders to make Behavioral Science core education Coronavirus Tories Out Police State Police State Mass Surveillance Behavioral Science,{'compound': 0.0},{'compound': 0.0},0,"{'neg': 0.0, 'neu': 1.0, 'pos': 0.0}","{'neg': 0.0, 'neu': 1.0, 'pos': 0.0}",0
72,1.24743021362727E+018,"Ask leaders to make #BehavioralScience core #education RT @DavidIHodgson: #COVID19 #Coronavirus #ToriesOut #PoliceState #PoliceStateUK #MassSurveillance
#BehavioralScience‚Ä¶ https://t.co/f7i8rOAZFs",ask leaders make behavioral science core education tories police state police state mass surveillance behavioral science,Ask leaders to make Behavioral Science core education Coronavirus Tories Out Police State Police State Mass Surveillance Behavioral Science,{'compound': 0.0},{'compound': 0.0},0,"{'neg': 0.0, 'neu': 1.0, 'pos': 0.0}","{'neg': 0.0, 'neu': 1.0, 'pos': 0.0}",0
73,1.24882691047532E+018,Insights from #behaviouralscience for #COVID19 pandemic - our latest blog currently available in 20 languages - more available in coming days üëáüëáüëáhttps://t.co/ottGqPemrd @EHPSociety @dkwasnicka @JennyLOlson @SDPotthoff @AinsleaCross @keeganknittle https://t.co/DAJbqX1A7g,insights behavioural science latest blog currently available languages available coming days backhand index pointing downbackhand index pointing downbackhand index pointing,Insights from behavioural science for pandemic our latest blog currently available in languages more available in coming days,{'compound': 0.0},{'compound': 0.0},0.433,"{'neg': 0.0, 'neu': 1.0, 'pos': 0.0}","{'neg': 0.0, 'neu': 1.0, 'pos': 0.0}",0
74,1.23820851998538E+018,This man is a psychologist. That is how ******** the UK is re: #coronavirus. The BBC didn't point that out of course. https://t.co/rSrbEny7wJ,man psychologist. :. not point course.,This man is psychologist. That is how the is re: coronavirus. The didn't point that out of course.,{'compound': 0.0},{'compound': 0.0},0,"{'neg': 0.0, 'neu': 1.0, 'pos': 0.0}","{'neg': 0.0, 'neu': 1.0, 'pos': 0.0}",0
75,1.23581874809687E+018,Ask leaders to make #BehavioralScience core #education RT @mayurtek: RT @BriefcaseTweets: Behavioural Design to get people to use the sanitizer @NudgingforKids #coronavirus #COVID19 #behaviouraldesign #behavi‚Ä¶,ask leaders make behavioral science core education behavioural design get people use sanitizer behaviouraldesign behavi,Ask leaders to make Behavioral Science core education Behavioural Design to get people to use the sanitizer coronavirus behaviouraldesign behavi,{'compound': 0.0},{'compound': 0.0},0,"{'neg': 0.0, 'neu': 1.0, 'pos': 0.0}","{'neg': 0.0, 'neu': 1.0, 'pos': 0.0}",0
76,1.24166505604942E+018,"@piersmorgan @Spoonhead8 Here we see Dr David Halpern of the Behavioural Insights Team speaking on the record to the BBC on 11th March.

Halpern sits, or did then, on SAGE, the key committee organising the response to the #coronavirus.

https://t.co/HemuIMC1e5","see behavioural insights team speaking record. sits, , e, key committee organising response.","Here we see Dr David Halpern of the Behavioural Insights Team speaking on the record to the on th March. Halpern sits, or did then, on E, the key committee organising the response to the coronavirus.",{'compound': 0.0},{'compound': 0.0},0,"{'neg': 0.0, 'neu': 1.0, 'pos': 0.0}","{'neg': 0.0, 'neu': 1.0, 'pos': 0.0}",0
77,1.25335074573224E+018,"How Behavioral Studies Suggests, Patterns of Seeings Things Do Change &amp; Become Adaptive During the Course of Pandemic #Covid_19 

Do Read.. 
https://t.co/4Fu805zAYv

#COVID19 #carhelpline #ReadingHour #behaviorchange #roadsidecoverage #insurtech #insurance #PandemicCovid19","behavioral studies suggests, patterns seeings things change; become adaptive course read .. carhelpline reading hour behavior change roadsidecoverage insurtech insurance","How Behavioral Studies Suggests, Patterns of Seeings Things Do Change &amp; Become Adaptive During the Course of Pandemic Covid Do Read.. carhelpline Reading Hour behavior change roadsidecoverage insurtech insurance Pandemic Covid",{'compound': 0.0},{'compound': 0.0},0,"{'neg': 0.0, 'neu': 1.0, 'pos': 0.0}","{'neg': 0.0, 'neu': 1.0, 'pos': 0.0}",0
78,1.23785121759579E+018,Read this and action! https://t.co/aPLU2Qr8Cb,read action!,Read this and action!,{'compound': 0.0},{'compound': 0.0},0.125,"{'neg': 0.0, 'neu': 1.0, 'pos': 0.0}","{'neg': 0.0, 'neu': 1.0, 'pos': 0.0}",0
79,1.23812113228222E+018,@excisa - any thoughts on this? https://t.co/vc1WOdU7YN,thoughts?,any thoughts on this?,{'compound': 0.0},{'compound': 0.0},0,"{'neg': 0.0, 'neu': 1.0, 'pos': 0.0}","{'neg': 0.0, 'neu': 1.0, 'pos': 0.0}",0
80,1.2510832717038E+018,"Since the #covid19 #coronavirus pandemic increases *much* more quickly than #HIV ever did, can responses based on these lessons be developed at lightning speed? https://t.co/WBexNleZYi","since increases much quickly ever, responses based lessons developed lightning speed?","Since the covid coronavirus pandemic increases much more quickly than ever did, can responses based on these lessons be developed at lightning speed?",{'compound': 0.0},{'compound': 0.0},0.217,"{'neg': 0.0, 'neu': 1.0, 'pos': 0.0}","{'neg': 0.0, 'neu': 1.0, 'pos': 0.0}",0
81,1.25152221458908E+018,"Ask leaders to make #BehavioralScience core #education RT @pikachanyan: RT @DavidIHodgson: #COVID19 #Coronavirus #ToriesOut #PoliceState #PoliceStateUK #MassSurveillance
#BehavioralScience #behavioraleconomics #‚Ä¶",ask leaders make behavioral science core education tories police state police state mass surveillance behavioral science behavioral economics,Ask leaders to make Behavioral Science core education Coronavirus Tories Out Police State Police State Mass Surveillance Behavioral Science behavioral economics,{'compound': 0.0},{'compound': 0.0},0,"{'neg': 0.0, 'neu': 1.0, 'pos': 0.0}","{'neg': 0.0, 'neu': 1.0, 'pos': 0.0}",0
82,1.25470123128675E+018,"@BorisJohnson @GOVUK @10DowningStreet #endthelockdown #endthelockdownuk
Boris YOU will go down in history as the man that KILLED Britain. https://t.co/7xF6jrSHOT",endthelockdown endthelockdownuk go history man britain.,endthelockdown endthelockdownuk Boris will go down in history as the man that Britain.,{'compound': 0.0},{'compound': 0.0},0,"{'neg': 0.0, 'neu': 1.0, 'pos': 0.0}","{'neg': 0.0, 'neu': 1.0, 'pos': 0.0}",0
83,1.24783774656099E+018,"@globalhlthtwit Cobblers - they might be deaths ""with"" coronavirus but they won't be deaths ""of"" it. Most deaths are of people with underlying conditions a la 'flu.

#COVID19 #Coronavirus #ToriesOut #PoliceState #PoliceStateUK #MassSurveillance
#BehavioralScience #behavioraleconomics #NWO",cobblers might deaths `` '' wo not deaths `` ''. deaths people underlying conditions la 'flu. tories police state police state mass surveillance behavioral science behavioral economics,"Cobblers they might be deaths ""with"" coronavirus but they won't be deaths ""of"" it. Most deaths are of people with underlying conditions la 'flu. Coronavirus Tories Out Police State Police State Mass Surveillance Behavioral Science behavioral economics",{'compound': 0.0},{'compound': 0.0},0,"{'neg': 0.0, 'neu': 1.0, 'pos': 0.0}","{'neg': 0.0, 'neu': 1.0, 'pos': 0.0}",0
84,1.25102387078361E+018,Ask leaders to make #BehavioralScience core #education RT @ScalarHumanity: Ask leaders to make #BehavioralScience core #education RT @DavidIHodgson: #COVID19 #Coronavirus #ToriesOut‚Ä¶ https://t.co/kufGxjCRsV,ask leaders make behavioral science core education ask leaders make behavioral science core education tories,Ask leaders to make Behavioral Science core education Ask leaders to make Behavioral Science core education Coronavirus Tories Out,{'compound': 0.0},{'compound': 0.0},0,"{'neg': 0.0, 'neu': 1.0, 'pos': 0.0}","{'neg': 0.0, 'neu': 1.0, 'pos': 0.0}",0
85,1.25025382299333E+018,"Ask leaders to make #BehavioralScience core #education RT @jpcarroll: RT @reshmatrasi: My small, humble contribution to the #COVID19  blogosphere, where I reflect on what leading a #behavioralscience project f‚Ä¶","ask leaders make behavioral science core education small, humble contribution blogosphere, reflect leading behavioral science project","Ask leaders to make Behavioral Science core education My small, humble contribution to the blogosphere, where reflect on what leading behavioral science project",{'compound': 0.0},{'compound': 0.0},-0.225,"{'neg': 0.0, 'neu': 1.0, 'pos': 0.0}","{'neg': 0.0, 'neu': 1.0, 'pos': 0.0}",0
86,1.23769341490649E+018,"Ahead of #diversealz Thurs on media, dementia and reporting in the age of coronavirus, we will also chat about this: https://t.co/BlM8poinvS","ahead diversealz thurs media, dementia reporting age, also chat:","Ahead of diversealz Thurs on media, dementia and reporting in the age of coronavirus, we will also chat about this:",{'compound': 0.0},{'compound': 0.0},0,"{'neg': 0.0, 'neu': 1.0, 'pos': 0.0}","{'neg': 0.0, 'neu': 1.0, 'pos': 0.0}",0
87,1.25004285952234E+018,how did this work out @BBCMarkEaston ? https://t.co/mFKffgn7cD,work,how did this work out,{'compound': 0.0},{'compound': 0.0},0,"{'neg': 0.0, 'neu': 1.0, 'pos': 0.0}","{'neg': 0.0, 'neu': 1.0, 'pos': 0.0}",0
88,1.23511886982552E+018,"RT from medshronline #Coronavirus Covid-19: What can we learn from behavioural science?

https://t.co/BfF8mO9597

#PublicHealth #China #Wuhan #Coronavirus #Virology #MedTech #HealthTech https://t.co/N7Kfbcy4M4",medshronline: learn behavioural science? public health china wuhan virology med tech health tech,from medshronline Coronavirus Covid-: What can we learn from behavioural science? Public Health China Wuhan Coronavirus Virology Med Tech Health Tech,{'compound': 0.0},{'compound': 0.0},0,"{'neg': 0.0, 'neu': 1.0, 'pos': 0.0}","{'neg': 0.0, 'neu': 1.0, 'pos': 0.0}",0
89,1.23526685293639E+018,RT @abuttenheim: üëá Today's #BehavioralScience/#COVID19 mashup must-read from @mhallsworth,backhand index pointing today behavioral science/ mashup must-read,Today's Behavioral Science/ mashup must-read from,{'compound': 0.0},{'compound': 0.0},0,"{'neg': 0.0, 'neu': 1.0, 'pos': 0.0}","{'neg': 0.0, 'neu': 1.0, 'pos': 0.0}",0
90,1.24828435713718E+018,Ughh tuned into this @ideo webinar yesterday and now unashamedly stalking @AndreaMallard. https://t.co/BgbSJBcAwa,ughh tuned webinar yesterday unashamedly stalking,Ughh tuned into this webinar yesterday and now unashamedly stalking,{'compound': 0.0},{'compound': 0.0},-0.5,"{'neg': 0.0, 'neu': 1.0, 'pos': 0.0}","{'neg': 0.0, 'neu': 1.0, 'pos': 0.0}",0
91,1.23818593876281E+018,"This. Has ""behavioural science"" factored in that no-one believes a word Johnson says - not even the millions who voted for him? https://t.co/6SYdq1x3Re",. `` behavioural science '' factored no-one believes word says not even millions voted?,"This. Has ""behavioural science"" factored in that no-one believes word Johnson says not even the millions who voted for him?",{'compound': 0.0},{'compound': 0.0},0,"{'neg': 0.0, 'neu': 1.0, 'pos': 0.0}","{'neg': 0.0, 'neu': 1.0, 'pos': 0.0}",0
92,1.23672119589207E+018,"What #BehavioralScience tells us about minimizing face touching #COVID19. Sneak peak - saying ""doing touch your face"" doesnt work https://t.co/7r6ONZLiV7",behavioral science tells us minimizing face touching d. sneak peak saying `` touch face '' doesnt work,"What Behavioral Science tells us about minimizing face touching D. Sneak peak saying ""doing touch your face"" doesnt work",{'compound': 0.0},{'compound': 0.0},0.5,"{'neg': 0.0, 'neu': 1.0, 'pos': 0.0}","{'neg': 0.0, 'neu': 1.0, 'pos': 0.0}",0
93,1.23509500756599E+018,So we're f'ed then. https://t.co/OyrywwZs5R,f'ed.,So we're f'ed then.,{'compound': 0.0},{'compound': 0.0},0,"{'neg': 0.0, 'neu': 1.0, 'pos': 0.0}","{'neg': 0.0, 'neu': 1.0, 'pos': 0.0}",0
94,1.254723257087E+018,"Ask leaders to make #BehavioralScience core #education RT @DavidIHodgson: #COVID19 #Coronavirus #ToriesOut #PoliceState #PoliceStateUK #MassSurveillance
#BehavioralScience‚Ä¶ https://t.co/OshvsReecP",ask leaders make behavioral science core education tories police state police state mass surveillance behavioral science,Ask leaders to make Behavioral Science core education Coronavirus Tories Out Police State Police State Mass Surveillance Behavioral Science,{'compound': 0.0},{'compound': 0.0},0,"{'neg': 0.0, 'neu': 1.0, 'pos': 0.0}","{'neg': 0.0, 'neu': 1.0, 'pos': 0.0}",0
95,1.25294493527754E+018,@ellenraelambert and I have written a two part blog for @inspirethemind_  discussing behaviour change theory and human behaviour during pandemics such as #COVID19. Part one below! https://t.co/sm5UG5MFik,written two part blog discussing behaviour change theory human behaviour pandemics d. part one!,and have written two part blog for discussing behaviour change theory and human behaviour during pandemics such as D. Part one below!,{'compound': 0.0},{'compound': 0.0},0,"{'neg': 0.0, 'neu': 1.0, 'pos': 0.0}","{'neg': 0.0, 'neu': 1.0, 'pos': 0.0}",0
96,1.24684141973153E+018,Ask leaders to make #BehavioralScience core #education RT @ScalarHumanity: Ask leaders to make #BehavioralScience core #education RT @DavidIHodgson: #COVID19 #Coronavirus #ToriesOut‚Ä¶ https://t.co/5plvMG8q2L,ask leaders make behavioral science core education ask leaders make behavioral science core education tories,Ask leaders to make Behavioral Science core education Ask leaders to make Behavioral Science core education Coronavirus Tories Out,{'compound': 0.0},{'compound': 0.0},0,"{'neg': 0.0, 'neu': 1.0, 'pos': 0.0}","{'neg': 0.0, 'neu': 1.0, 'pos': 0.0}",0
97,1.24506903064343E+018,This.... https://t.co/IHMJ7XfDHo,....,This....,{'compound': 0.0},{'compound': 0.0},0,"{'neg': 0.0, 'neu': 1.0, 'pos': 0.0}","{'neg': 0.0, 'neu': 1.0, 'pos': 0.0}",0
98,1.23818059144879E+018,Thread. What our intuition tells us is not always the right course of action. https://t.co/0aMvShYejn,thread. intuition tells us not always right course action.,Thread. What our intuition tells us is not always the right course of action.,{'compound': 0.0},{'compound': 0.0},0.193,"{'neg': 0.0, 'neu': 1.0, 'pos': 0.0}","{'neg': 0.0, 'neu': 1.0, 'pos': 0.0}",0
99,1.24129539485385E+018,#Herd_Immunity #herdimmunity filmed around 11-March-2020 https://t.co/A9DgZVCWWN,herd immunity herdimmunity filmed around march-,Herd Immunity herdimmunity filmed around March-,{'compound': 0.0},{'compound': 0.0},0,"{'neg': 0.0, 'neu': 1.0, 'pos': 0.0}","{'neg': 0.0, 'neu': 1.0, 'pos': 0.0}",0
100,1.24858991415495E+018,"@BBCNews @itvnews @piersmorgan @GMB 

Any chance of a mention for the sake of balance?

#COVID19 #Coronavirus #ToriesOut #PoliceState #PoliceStateUK #MassSurveillance
#BehavioralScience #behavioraleconomics #NWO #RevolutionNow #Censorship #Stasi #endthelockdown #NoVaccineForMe https://t.co/Ju8tb86ckN",chance mention sake balance? tories police state police state mass surveillance behavioral science behavioral economics revolution censorship stasi endthelockdown no vaccine,Any chance of mention for the sake of balance? Coronavirus Tories Out Police State Police State Mass Surveillance Behavioral Science behavioral economics Revolution Now Censorship Stasi endthelockdown No Vaccine For Me,{'compound': -0.0516},{'compound': -0.0516},0,"{'neg': 0.095, 'neu': 0.819, 'pos': 0.086}","{'neg': 0.066, 'neu': 0.873, 'pos': 0.06}",-0.0516
101,1.25104438626094E+018,"@JCaramac @jmshrrsn Remember when David Halpern, head of the 'Nudge' Unit claimed vulnerable people would be 'cocooned' from the insane #HerdImmunity policy? That got changed to 'abandoned' pretty quickly didn't it? https://t.co/vF6m4iQTp4","remember, head nudge ' unit claimed vulnerable people would 'cocooned ' insane herd immunity policy? got changed 'abandoned ' pretty quickly not?","Remember when David Halpern, head of the Nudge' Unit claimed vulnerable people would be 'cocooned' from the insane Herd Immunity policy? That got changed to 'abandoned' pretty quickly didn't it?",{'compound': -0.5803},{'compound': -0.1926},-0.354,"{'neg': 0.304, 'neu': 0.573, 'pos': 0.122}","{'neg': 0.141, 'neu': 0.768, 'pos': 0.091}",-0.5803
102,1.2542984697764E+018,"So, Cummings asked questions. Were they ""Is there any evidence at all of herd immunity?"" ""Why are you so at odds with the WHO?"" ""How many more deaths for each day of lockdown delay?"" ""Behavioural science is often speculative, right?""? Or what? Publish the minutes. #marr #COVID19 https://t.co/kYDf1qJs1R",", asked questions. evidence herd immunity? '' odds? '' many deaths day lockdown delay? '' behavioural science often speculative, right? ``? ? publish minutes. marr","So, Cummings asked questions. Were they Is there any evidence at all of herd immunity?"" Why are you so at odds with the O?"" How many more deaths for each day of lockdown delay?"" Behavioural science is often speculative, right?""? Or what? Publish the minutes. marr",{'compound': -0.4329},{'compound': 0.3313},0.393,"{'neg': 0.127, 'neu': 0.818, 'pos': 0.055}","{'neg': 0.0, 'neu': 0.95, 'pos': 0.05}",-0.4329
103,1.25580266927025E+018,"Extremely Doubtful

#COVID19 #Coronavirus #ToriesOut #PoliceState #PoliceStateUK #MassSurveillance
#BehavioralScience #behavioraleconomics #NWO #RevolutionNow #Censorship #Stasi #endthelockdown #NoVaccineForMe https://t.co/IeSchPwNGD",extremely doubtful tories police state police state mass surveillance behavioral science behavioral economics revolution censorship stasi endthelockdown no vaccine,Extremely Doubtful Coronavirus Tories Out Police State Police State Mass Surveillance Behavioral Science behavioral economics Revolution Now Censorship Stasi endthelockdown No Vaccine For Me,{'compound': -0.5984},{'compound': -0.5984},-0.8,"{'neg': 0.223, 'neu': 0.777, 'pos': 0.0}","{'neg': 0.182, 'neu': 0.818, 'pos': 0.0}",-0.5984
104,1.24591520075618E+018,"Next week, I‚Äôll be joining @IDEO in a conversation around #COVID19 communication and its connection to behavior change. Join the webinar on April 7 at 8AM PST: https://t.co/28gYdeZC91 https://t.co/pHJiYm9fZs","next week, ill joining conversation around communication connection behavior change. join webinar:","Next week, Ill be joining in conversation around communication and its connection to behavior change. Join the webinar on April at T:",{'compound': -0.1531},{'compound': -0.1531},-0.25,"{'neg': 0.187, 'neu': 0.667, 'pos': 0.147}","{'neg': 0.112, 'neu': 0.8, 'pos': 0.088}",-0.1531
105,1.23948119063105E+018,"Simply perplexed by the UK Gov response to the #coronavirus 

""If the argument of behavioural fatigue is really driving U.K. policymakers to delay social distancing, this concept had better stand up to scrutiny."" https://t.co/s9o6vmd5KK","simply perplexed gov response argument behavioural fatigue really driving u. k. policymakers delay social distancing, concept better stand scrutiny. ''","Simply perplexed by the Gov response to the coronavirus If the argument of behavioural fatigue is really driving U. K. policymakers to delay social distancing, this concept had better stand up to scrutiny.""",{'compound': -0.6369},{'compound': -0.6369},0.283,"{'neg': 0.337, 'neu': 0.556, 'pos': 0.107}","{'neg': 0.227, 'neu': 0.7, 'pos': 0.072}",-0.6369
106,1.23888716092268E+018,@JHowellUK please explain why schools in your constituency ARE DUE TO OPEN AS NORMAL on Monday - this is frightening @henleyherald @henleystandard #COVID19 #eugenics @LeadHenley https://t.co/MzIEZjYwjV,please explain schools constituency monday frightening eugenics,please explain why schools in your constituency on Monday this is frightening eugenics,{'compound': -0.2263},{'compound': -0.2263},-0.5,"{'neg': 0.305, 'neu': 0.476, 'pos': 0.219}","{'neg': 0.194, 'neu': 0.667, 'pos': 0.139}",-0.2263
107,1.24757241874032E+018,The most toughest to acknowledge ‚ÄúI don‚Äôt know.‚Äù https://t.co/xuapTEASLo,toughest acknowledge dont know.,The most toughest to acknowledge dont know.,{'compound': -0.0772},{'compound': -0.1513},0,"{'neg': 0.302, 'neu': 0.698, 'pos': 0.0}","{'neg': 0.21, 'neu': 0.79, 'pos': 0.0}",-0.0772
108,1.24984502944895E+018,"How To Talk To Skeptics About COVID

‚ÄúNumbers do not motivate people,‚Äù said Schoch-Spana, ‚ÄúKnowing that you can do something, knowing what to do, and seeing other people just like you doing it. That‚Äôs when you see behavior change.‚Äù¬†

#COVID19 #skeptics 

https://t.co/MzR7ihL1zZ","talk skeptics numbers not motivate people, said schoch- spana, knowing something, knowing, seeing people like. thats see behavior change. skeptics","How To Talk To Skeptics About Numbers do not motivate people, said Schoch- Spana, Knowing that you can do something, knowing what to do, and seeing other people just like you doing it. Thats when you see behavior change. skeptics",{'compound': -0.124},{'compound': -0.124},0,"{'neg': 0.212, 'neu': 0.681, 'pos': 0.106}","{'neg': 0.115, 'neu': 0.828, 'pos': 0.057}",-0.124
109,1.23498873812555E+018,"Something that the world doesn‚Äôt understand about this regime is that, the longer the üåé waits on behavior change from this regime, the more global disaster will come!!
World should listen to the people of #Iran who want  #RegimeChange and #FreeIran2020 
#coronavirus 
#Covid_19 https://t.co/PgaWID1Dkr","something world doesnt understand regime, longer globe showing americas waits behavior change regime, global disaster come! ! world listen people iran want regime change free iran","Something that the world doesnt understand about this regime is that, the longer the waits on behavior change from this regime, the more global disaster will come!! World should listen to the people of Iran who want Regime Change and Free Iran coronavirus Covid",{'compound': -0.2695},{'compound': -0.3318},0.2,"{'neg': 0.131, 'neu': 0.703, 'pos': 0.166}","{'neg': 0.087, 'neu': 0.811, 'pos': 0.103}",-0.2695
110,1.24494902689143E+018,Perhaps we never needed social behaviour change communication for the most poor or vulnerable https://t.co/9j3BQN5xwX,perhaps never needed social behaviour change communication poor vulnerable,Perhaps we never needed social behaviour change communication for the most poor or vulnerable,{'compound': -0.6124},{'compound': -0.6764},-0.289,"{'neg': 0.417, 'neu': 0.583, 'pos': 0.0}","{'neg': 0.317, 'neu': 0.683, 'pos': 0.0}",-0.6124
111,1.24517150480916E+018,"Goodbye #March mayhem. Helloüëãüèºtogetherness. On 3/3, the #NashvilleTornadoüå™destroyed #EastNashville. Since then, #COVID19ü¶† is destroying the üåé. Both teach us #BehaviorChange, together, is critical to treating &amp; preventing any crisis. ‚Å¶@lirio_llc‚Å© https://t.co/wZwyXaffoh","goodbye mayhem. hellowaving handmedium-light skin tonetogetherness. /, nashville tornadotornadodestroyed east nashville. since, destroying globe showing americas. teach us behavior change, together, critical treating; preventing.","Goodbye March mayhem. Hellotogetherness. On /, the Nashville Tornadodestroyed East Nashville. Since then, is destroying the Both teach us Behavior Change, together, is critical to treating &amp; preventing any crisis.",{'compound': -0.7184},{'compound': -0.8779},-0.1,"{'neg': 0.25, 'neu': 0.75, 'pos': 0.0}","{'neg': 0.299, 'neu': 0.701, 'pos': 0.0}",-0.7184
112,1.23916746049183E+018,"Agree. UK gov response has not been proportionate to threat. You can‚Äôt buy hand sanitizer in the shops. If you don‚Äôt have soap+water nearby that means you don‚Äôt have *opportunity* to wash hands.  
@SusanMichie @B_I_Tweets perhaps you could nudge the gov into addressing problem https://t.co/g6D4OcmaHf",agree. gov response not proportionate threat. cant buy hand sanitizer shops. dont soap+water nearby means dont opportunity wash hands. perhaps could nudge gov addressing problem,Agree. gov response has not been proportionate to threat. You cant buy hand sanitizer in the shops. If you dont have soap+water nearby that means you dont have opportunity to wash hands. perhaps you could nudge the gov into addressing problem,{'compound': -0.3365},{'compound': -0.8205},0,"{'neg': 0.233, 'neu': 0.607, 'pos': 0.16}","{'neg': 0.223, 'neu': 0.726, 'pos': 0.05}",-0.3365
113,1.23788535655433E+018,"The ""Nudge Unit"" - the company currently advising Johnson's cabinet on its response to the #coronavirus pandemic - has previously worked with the DWP &amp; the Dept of Health to find ways of pushing sick &amp; disabled people into work.
https://t.co/lcRbnPxUC7",nudge unit '' company currently advising cabinet response previously worked; dept health find ways pushing sick; disabled people work.,"The Nudge Unit"" the company currently advising Johnson's cabinet on its response to the coronavirus pandemic has previously worked with the &amp; the Dept of Health to find ways of pushing sick &amp; disabled people into work.",{'compound': -0.5106},{'compound': -0.5106},-0.27,"{'neg': 0.155, 'neu': 0.845, 'pos': 0.0}","{'neg': 0.084, 'neu': 0.916, 'pos': 0.0}",-0.5106
114,1.23739449192276E+018,"How will shopper behaviour change should the coronavirus situation worsen?  We surveyed 1,000 UK consumers in March to find out their views and behaviours following the coronavirus outbreak --&gt; https://t.co/0kcNQJW8wj #coronavirusuk #coronavirus #CONVID19 https://t.co/eSdIxo6fZf",shopper behaviour change situation worsen? surveyed consumers find views behaviours following outbreak -- gt; coronavirusuk,How will shopper behaviour change should the coronavirus situation worsen? We surveyed consumers in March to find out their views and behaviours following the coronavirus outbreak --&gt; coronavirusuk coronavirus,{'compound': -0.296},{'compound': -0.5106},0,"{'neg': 0.179, 'neu': 0.707, 'pos': 0.114}","{'neg': 0.105, 'neu': 0.895, 'pos': 0.0}",-0.296
115,1.24265120001877E+018,"How can our knowledge in the social &amp; behavioral sciences help in the fight against #COVID2019? This paper tackles everything from emotions, to social norms &amp; culture, to fake news, and more. https://t.co/l31wVPhWss","knowledge social; behavioral sciences help fight? paper tackles everything emotions, social norms; culture, fake news, .","How can our knowledge in the social &amp; behavioral sciences help in the fight against D? This paper tackles everything from emotions, to social norms &amp; culture, to fake news, and more.",{'compound': -0.4588},{'compound': -0.4588},-0.144,"{'neg': 0.279, 'neu': 0.588, 'pos': 0.132}","{'neg': 0.152, 'neu': 0.775, 'pos': 0.072}",-0.4588
116,1.24791325716956E+018,"New version (post review at Nature Human Behaviour) is now online, with a fancy infographic #KnowledgeTranslation #COVID19 #SocialScientistsAssemble. https://t.co/uojhyRG3ll","new version ( post review nature human behaviour confusion online, fancy infographic knowledge translation social scientists assemble.","New version (post review at Nature Human Behaviour) is now online, with fancy infographic Knowledge Translation Social Scientists Assemble.",{'compound': -0.296},{'compound': 0.0},0.057,"{'neg': 0.128, 'neu': 0.872, 'pos': 0.0}","{'neg': 0.0, 'neu': 1.0, 'pos': 0.0}",-0.296
117,1.24849978274775E+018,"@BBCNews @itvnews @piersmorgan @GMB 

Any chance of a mention for the sake of balance?

#COVID19 #Coronavirus #ToriesOut #PoliceState #PoliceStateUK #MassSurveillance
#BehavioralScience #behavioraleconomics #NWO #RevolutionNow #Censorship #Stasi #endthelockdown #NoVaccineForMe https://t.co/DSPmABYjs4",chance mention sake balance? tories police state police state mass surveillance behavioral science behavioral economics revolution censorship stasi endthelockdown no vaccine,Any chance of mention for the sake of balance? Coronavirus Tories Out Police State Police State Mass Surveillance Behavioral Science behavioral economics Revolution Now Censorship Stasi endthelockdown No Vaccine For Me,{'compound': -0.0516},{'compound': -0.0516},0,"{'neg': 0.095, 'neu': 0.819, 'pos': 0.086}","{'neg': 0.066, 'neu': 0.873, 'pos': 0.06}",-0.0516
118,1.23882863133124E+018,"There are real issues with the #UK government's approach to #covid19, which summarises as: let heathy people get the disease (and survive) to develop #Herd_Immunity. 60% seems to be the figure. #ethics https://t.co/GgRQ5ibj9a","real issues government approach, summarises: let heathy people get disease ( survive confusion develop herd immunity. seems figure. ethics","There are real issues with the government's approach to covid, which summarises as: let heathy people get the disease (and survive) to develop Herd Immunity. seems to be the figure. ethics",{'compound': -0.296},{'compound': 0.0},0.2,"{'neg': 0.115, 'neu': 0.885, 'pos': 0.0}","{'neg': 0.0, 'neu': 1.0, 'pos': 0.0}",-0.296
119,1.25436681599783E+018,Nudge theory is mostly common sense dressed up science based on evidence that is largely speculation. Even much vaunted book by eminent academics fails to rise above that description #SAGE #COVID19 #Nudge https://t.co/hZleMXFiRO,nudge theory mostly common sense dressed science based evidence largely speculation. even much vaunted book eminent academics fails rise description nudge,Nudge theory is mostly common sense dressed up science based on evidence that is largely speculation. Even much vaunted book by eminent academics fails to rise above that description Nudge,{'compound': -0.4215},{'compound': -0.4215},-0.096,"{'neg': 0.123, 'neu': 0.877, 'pos': 0.0}","{'neg': 0.088, 'neu': 0.912, 'pos': 0.0}",-0.4215
120,1.25582458693711E+018,No cognitive bias modification required. https://t.co/S7OBsiU9vd,no cognitive bias modification required.,No cognitive bias modification required.,{'compound': -0.3818},{'compound': -0.3818},0,"{'neg': 0.545, 'neu': 0.455, 'pos': 0.0}","{'neg': 0.545, 'neu': 0.455, 'pos': 0.0}",-0.3818
121,1.24131413460985E+018,"Can't wrap my head around this. I've studied behavioural economics, and nudge theory admittedly only to an undergraduate level but it's so obviously inappropriate in this context. What the hell were they thinking? https://t.co/aLpwzJPKLx","ca not wrap head around. studied behavioural economics, nudge theory admittedly undergraduate level obviously inappropriate context. hell thinking?","Can't wrap my head around this. I've studied behavioural economics, and nudge theory admittedly only to an undergraduate level but it's so obviously inappropriate in this context. What the hell were they thinking?",{'compound': -0.6808},{'compound': -0.8126},0,"{'neg': 0.213, 'neu': 0.787, 'pos': 0.0}","{'neg': 0.167, 'neu': 0.833, 'pos': 0.0}",-0.6808
122,1.23778941729051E+018,"#coronavirus #COVID19 

 11 March 2020  - 

It‚Äôs time to get really serious about keeping our distance and adhering to the guidelines about hygiene. https://t.co/AQ4vbfvAXk",time get really serious keeping distance adhering guidelines hygiene.,coronavirus March Its time to get really serious about keeping our distance and adhering to the guidelines about hygiene.,{'compound': -0.1513},{'compound': -0.1513},-0.333,"{'neg': 0.166, 'neu': 0.834, 'pos': 0.0}","{'neg': 0.081, 'neu': 0.919, 'pos': 0.0}",-0.1513
123,1.24501927546478E+018,"Is anyone doing research on #activetravel behaviour change during #COVID19? I'm guessing a move toward individual #transport modes (walk, cycle, car), reduction in public transport (of course), and reduction in total no. of journeys? With exercise encouraging walk/cycle uptake?","anyone research activetravel behaviour change? 'm guessing move toward individual transport modes ( walk, cycle, car confusion, reduction public transport ( course confusion, reduction total no. journeys? exercise encouraging walk/cycle uptake?","Is anyone doing research on activetravel behaviour change during D? I'm guessing move toward individual transport modes (walk, cycle, car), reduction in public transport (of course), and reduction in total no. of journeys? With exercise encouraging walk/cycle uptake?",{'compound': -0.4098},{'compound': 0.4098},0,"{'neg': 0.201, 'neu': 0.703, 'pos': 0.096}","{'neg': 0.052, 'neu': 0.854, 'pos': 0.093}",-0.4098
124,1.25625162306989E+018,"#COVID19 #Coronavirus #ToriesOut #PoliceState #PoliceStateUK #MassSurveillance
#BehavioralScience #behavioraleconomics #RevolutionNow #Censorship #Stasi #endthelockdown #NoVaccineForMe #4IR  #BigBrother Legal Challenge to UK Lockdown being sourced https://t.co/WVlxDVOnge",tories police state police state mass surveillance behavioral science behavioral economics revolution censorship stasi endthelockdown no vaccine big brother legal challenge lockdown sourced,Coronavirus Tories Out Police State Police State Mass Surveillance Behavioral Science behavioral economics Revolution Now Censorship Stasi endthelockdown No Vaccine For Me Big Brother Legal Challenge to Lockdown being sourced,{'compound': -0.1027},{'compound': -0.1027},0.1,"{'neg': 0.088, 'neu': 0.8, 'pos': 0.112}","{'neg': 0.069, 'neu': 0.844, 'pos': 0.087}",-0.1027
125,1.24548289289499E+018,"@SebastianEPayne @alexwickham Of course herd immunity is the 'plan', as is a brexit crash out. Vallance &amp; Whitty's ""thinking""? They're stooges. The power behind the herd immunity debacle is Cummings &amp; David Halpern &amp; his Nudge Unit: https://t.co/vF6m4iQTp4","course herd immunity 'plan ', brexit crash. vallance; whitty `` thinking ''? stooges. power behind herd immunity debacle; ; nudge unit:","Of course herd immunity is the 'plan', as is brexit crash out. Vallance &amp; Whitty's ""thinking""? They're stooges. The power behind the herd immunity debacle is Cummings &amp; David Halpern &amp; his Nudge Unit:",{'compound': -0.4019},{'compound': -0.4019},-0.4,"{'neg': 0.124, 'neu': 0.876, 'pos': 0.0}","{'neg': 0.076, 'neu': 0.924, 'pos': 0.0}",-0.4019
126,1.24859074268098E+018,"@BBCNews @itvnews @piersmorgan @GMB 

Any chance of a mention for the sake of balance?

#COVID19 #Coronavirus #ToriesOut #PoliceState #PoliceStateUK #MassSurveillance
#BehavioralScience #behavioraleconomics #NWO #RevolutionNow #Censorship #Stasi #endthelockdown #NoVaccineForMe https://t.co/wFD6FnGaj2",chance mention sake balance? tories police state police state mass surveillance behavioral science behavioral economics revolution censorship stasi endthelockdown no vaccine,Any chance of mention for the sake of balance? Coronavirus Tories Out Police State Police State Mass Surveillance Behavioral Science behavioral economics Revolution Now Censorship Stasi endthelockdown No Vaccine For Me,{'compound': -0.0516},{'compound': -0.0516},0,"{'neg': 0.095, 'neu': 0.819, 'pos': 0.086}","{'neg': 0.066, 'neu': 0.873, 'pos': 0.06}",-0.0516
127,1.23591713220823E+018,We have a tendency to completely disregard probability in times of fear.  @CassSunstein talks ‚Äòprobability neglect‚Äô via @bopinion. #COVID19   The Cognitive Bias That Makes Us Panic About Coronavirus https://t.co/gz1SnDMBAw,tendency completely disregard probability times fear. talks probability neglect cognitive bias makes us panic,We have tendency to completely disregard probability in times of fear. talks probability neglect via The Cognitive Bias That Makes Us Panic About Coronavirus,{'compound': -0.9061},{'compound': -0.9061},0.1,"{'neg': 0.596, 'neu': 0.404, 'pos': 0.0}","{'neg': 0.412, 'neu': 0.588, 'pos': 0.0}",-0.9061
128,1.23842417816594E+018,"#Nastiz in govt will wait until #Covid19uk peaks as peeps will accept only limited 'social distancing'?

Then do it NOW, BEFORE #Covid_19uk peaks. Once peaked, infections are, de facto, declining

Do nowt and a bigger peak will extend the curfew, as infected stay home or die https://t.co/ZHb3Yre0Zp https://t.co/mUQOM6TMby","nastiz govt wait coviduk peaks peeps accept limited 'social distancing '? w, uk peaks. peaked, infections, de facto, declining nowt bigger peak extend curfew, infected stay home die","Nastiz in govt will wait until Coviduk peaks as peeps will accept only limited 'social distancing'? Then do it W, Covid uk peaks. Once peaked, infections are, de facto, declining Do nowt and bigger peak will extend the curfew, as infected stay home or die",{'compound': -0.6908},{'compound': -0.6908},-0.013,"{'neg': 0.248, 'neu': 0.634, 'pos': 0.118}","{'neg': 0.169, 'neu': 0.75, 'pos': 0.081}",-0.6908
129,1.23994662863684E+018,"Our research team has done a lot of thinking about #COVID19 over the last week. @rossohara64 has some thoughts about how self-affirmation can be another tool in our kit to combat the spread of coronavirus. via @PsychToday  #behavioralscience 

https://t.co/vmbN4Kod4Q",research team done lot thinking last week. thoughts self-affirmation another tool kit combat spread. behavioral science,Our research team has done lot of thinking about over the last week. has some thoughts about how self-affirmation can be another tool in our kit to combat the spread of coronavirus. via behavioral science,{'compound': -0.34},{'compound': -0.34},0,"{'neg': 0.138, 'neu': 0.862, 'pos': 0.0}","{'neg': 0.066, 'neu': 0.934, 'pos': 0.0}",-0.34
130,1.25049387710825E+018,Mining Data is no longer a swear word I think for countries like SA the Data coming out of #COVID19 is critical to build capacity and channel resources to under services communities. To survive the pandemic strategically using the data to fix will solve problems #ECafrica https://t.co/wM4nuaUYMi,mining data no longer swear word think countries like data coming critical build capacity channel resources services communities. survive strategically using data fix solve problems cafrica,Mining Data is no longer swear word think for countries like the Data coming out of is critical to build capacity and channel resources to under services communities. To survive the pandemic strategically using the data to fix will solve problems Cafrica,{'compound': -0.4767},{'compound': -0.4767},0,"{'neg': 0.257, 'neu': 0.612, 'pos': 0.131}","{'neg': 0.172, 'neu': 0.739, 'pos': 0.088}",-0.4767
131,1.23812869824468E+018,So ‚Äòat risk‚Äô ‚Äòvulnerable‚Äô  #WASPI women get ‚Äúcocooned‚Äù whilst also being forced to work because their pensions were stolen. How‚Äôs that going to work then? #BackTo60 https://t.co/Qz9sG4dTZX,risk vulnerable women get cocooned whilst also forced work pensions stolen. hows going work? back,So at risk vulnerable women get cocooned whilst also being forced to work because their pensions were stolen. Hows that going to work then? Back To,{'compound': -0.8481},{'compound': -0.8671},-0.267,"{'neg': 0.481, 'neu': 0.519, 'pos': 0.0}","{'neg': 0.328, 'neu': 0.672, 'pos': 0.0}",-0.8481
132,1.2454073315858E+018,"Why I've started adding ‚ÄúForced break from meetings to GSD‚Äù into my schedule‚Ä¶
https://t.co/nawtyBI3oR

#covid19 #burnout #wfh #workfromhome #meetings #schedules #behaviorchange #precommitmentdevice #appliedBE #atomichabits #process #corporate #innovation",started adding forced break meetings schedule burnout wfh workfromhome meetings schedules behavior change precommitmentdevice applied atomichabits process corporate innovation,Why I've started adding Forced break from meetings to into my schedule covid burnout wfh workfromhome meetings schedules behavior change precommitmentdevice applied atomichabits process corporate innovation,{'compound': -0.1027},{'compound': -0.1027},-0.15,"{'neg': 0.133, 'neu': 0.752, 'pos': 0.115}","{'neg': 0.101, 'neu': 0.811, 'pos': 0.088}",-0.1027
133,1.23838886991518E+018,The government needs to be transparent about the science its using to support its measures. the modelling is what. the behavioural science by who? #coronavirus. this is a decison by a society not that of a government. no government was elected to minister death!,government needs transparent science using support measures. modelling. behavioural science? . decison society not government. no government elected minister death!,The government needs to be transparent about the science its using to support its measures. the modelling is what. the behavioural science by who? coronavirus. this is decison by society not that of government. no government was elected to minister death!,{'compound': -0.1541},{'compound': -0.5707},0,"{'neg': 0.157, 'neu': 0.646, 'pos': 0.197}","{'neg': 0.136, 'neu': 0.807, 'pos': 0.057}",-0.1541
134,1.23811906531671E+018,"I find this thought incomprehensible. 15-20% of CV Plague sufferers ""need"" hospitalisation. There isn't some tiny ""vulnerable group"" with everyone else being OK. The key problem is that most of that 15-20% will not get hospital treatment if CV Plague spreads too rapidly. https://t.co/s81y7XwNuY",find thought incomprehensible. - plague sufferers `` need '' hospitalisation. not tiny `` vulnerable group '' everyone else k. key problem - not get hospital treatment plague spreads rapidly.,"find this thought incomprehensible. -% of Plague sufferers ""need"" hospitalisation. There isn't some tiny ""vulnerable group"" with everyone else being K. The key problem is that most of that -% will not get hospital treatment if Plague spreads too rapidly.",{'compound': -0.6634},{'compound': -0.6634},-0.167,"{'neg': 0.192, 'neu': 0.756, 'pos': 0.052}","{'neg': 0.136, 'neu': 0.827, 'pos': 0.037}",-0.6634
135,1.24724905369769E+018,"Ask leaders to make #BehavioralScience core #education RT @chandraosborn: Collective action is the only way to stop #COVID19. Lirio's #BeSci + #AI programs communicate 1:1, actioning people‚Ä¶ https://t.co/C3hEkXVhGD","ask leaders make behavioral science core education collective action way stop d. lirio sci programs communicate: , actioning people","Ask leaders to make Behavioral Science core education Collective action is the only way to stop D. Lirio's Be Sci programs communicate :, actioning people",{'compound': -0.296},{'compound': -0.296},0.1,"{'neg': 0.115, 'neu': 0.885, 'pos': 0.0}","{'neg': 0.084, 'neu': 0.916, 'pos': 0.0}",-0.296
136,1.24677519188948E+018,Everybody is talking about the collapse of the travel industry and of SMEs due to the #coronavirus. I'm curious how this will affect the fashion industry - all I need these days are a pair of pyjamas and some running gear  #stayathome #behavioraleconomics,everybody talking collapse travel industry es due. 'm curious affect fashion industry need days pair pyjamas running gear stayathome behavioral economics,Everybody is talking about the collapse of the travel industry and of Es due to the coronavirus. I'm curious how this will affect the fashion industry all need these days are pair of pyjamas and some running gear stayathome behavioral economics,{'compound': -0.2263},{'compound': -0.2263},-0.113,"{'neg': 0.131, 'neu': 0.776, 'pos': 0.094}","{'neg': 0.072, 'neu': 0.876, 'pos': 0.052}",-0.2263
137,1.25103805817623E+018,"Come out of your caves &amp; start living, people.

#COVID19 #Coronavirus #ToriesOut #PoliceState #PoliceStateUK #MassSurveillance
#BehavioralScience #behavioraleconomics #NWO #RevolutionNow #Censorship #Stasi #endthelockdown #NoVaccineForMe https://t.co/xxWhdE3cR3","come caves; start living, people. tories police state police state mass surveillance behavioral science behavioral economics revolution censorship stasi endthelockdown no vaccine","Come out of your caves &amp; start living, people. Coronavirus Tories Out Police State Police State Mass Surveillance Behavioral Science behavioral economics Revolution Now Censorship Stasi endthelockdown No Vaccine For Me",{'compound': -0.296},{'compound': -0.296},0,"{'neg': 0.095, 'neu': 0.905, 'pos': 0.0}","{'neg': 0.068, 'neu': 0.932, 'pos': 0.0}",-0.296
138,1.24968001654528E+018,"Ask leaders to make #BehavioralScience core #education RT @takumiisback: RT @DavidIHodgson: ""Remember, remember the 5th of November"". The power still lies with the people...

#COVID19 #Coronavirus #ToriesOut #Pol‚Ä¶","ask leaders make behavioral science core education remember, remember ''. power still lies people ... tories pol","Ask leaders to make Behavioral Science core education Remember, remember the th of November"". The power still lies with the people... Coronavirus Tories Out Pol",{'compound': -0.4215},{'compound': -0.4215},0,"{'neg': 0.149, 'neu': 0.851, 'pos': 0.0}","{'neg': 0.104, 'neu': 0.896, 'pos': 0.0}",-0.4215
139,1.25052488770331E+018,Well he just confirmed what had been nagging me - I'm 74 with underlying health concerns and now have a lifetime of incarceration to look forward toüôÅ I suppose my challenge is to find a prison I enjoy. Thinking: a trout stream in western MaineüòÉüòÉ https://t.co/IXbTxonOp4,well confirmed nagging 'm underlying health concerns lifetime incarceration look forward toslightly frowning face suppose challenge find prison enjoy. thinking: trout stream western mainesmiling face open mouthsmiling face open mouth,Well he just confirmed what had been nagging me I'm with underlying health concerns and now have lifetime of incarceration to look forward to suppose my challenge is to find prison enjoy. Thinking: trout stream in western Maine,{'compound': -0.4215},{'compound': -0.1027},0.16,"{'neg': 0.215, 'neu': 0.615, 'pos': 0.169}","{'neg': 0.132, 'neu': 0.724, 'pos': 0.145}",-0.4215
140,1.24020408349718E+018,"In this video, I explain the psychological reasons why people are currently 'panic buying' amidst the corona virus scare.

#coronavirus #covid19 #psychology #behavioralscience #beinformed #system1 #system2 #panicbuying  https://t.co/FbE4Hs0lLM","video, explain psychological reasons people currently 'panic buying ' amidst scare. psychology behavioral science beinformed system system panicbuying","In this video, explain the psychological reasons why people are currently 'panic buying' amidst the corona virus scare. coronavirus covid psychology behavioral science beinformed system system panicbuying",{'compound': -0.7579},{'compound': -0.7579},0,"{'neg': 0.302, 'neu': 0.698, 'pos': 0.0}","{'neg': 0.206, 'neu': 0.794, 'pos': 0.0}",-0.7579
141,1.25436038087014E+018,"Nudge theory is a poor substitute for hard science in matters of life or death
#COVID19 #BrexitBorisBritain #Halpern #BIT #Nudge #BeyondParody #ENOUGH
https://t.co/e9Vq7Lsnd1",nudge theory poor substitute hard science matters life death brexit britain nudge beyond parody,Nudge theory is poor substitute for hard science in matters of life or death Brexit Boris Britain Halpern Nudge Beyond Parody,{'compound': -0.8074},{'compound': -0.8074},-0.346,"{'neg': 0.431, 'neu': 0.513, 'pos': 0.056}","{'neg': 0.317, 'neu': 0.642, 'pos': 0.042}",-0.8074
142,1.24661521930195E+018,"Disagree that it means there is no #COVID19 crisis. But to the extent COVID-19 is merely supplanting its comorbidities as the reported cause of death, it‚Äôs very concerning that there is a lack of curiosity on this front by those who appear vested in stoking the panic. True data? https://t.co/GvF0ROETQS","disagree means no. extent merely supplanting comorbidities reported cause death, concerning lack curiosity front appear vested stoking panic. true data?","Disagree that it means there is no crisis. But to the extent D- is merely supplanting its comorbidities as the reported cause of death, its very concerning that there is lack of curiosity on this front by those who appear vested in stoking the panic. True data?",{'compound': -0.872},{'compound': -0.9325},-0.075,"{'neg': 0.451, 'neu': 0.41, 'pos': 0.139}","{'neg': 0.298, 'neu': 0.631, 'pos': 0.071}",-0.872
143,1.25514409108973E+018,"People confused about the #COVID19 stats, rates and percentages in Twitter.
#DanielKahneman : https://t.co/rNM6LUQW9H","people confused stats, rates percentages twitter.","People confused about the stats, rates and percentages in Twitter. Daniel Kahneman",{'compound': -0.3182},{'compound': -0.3182},-0.4,"{'neg': 0.315, 'neu': 0.685, 'pos': 0.0}","{'neg': 0.173, 'neu': 0.827, 'pos': 0.0}",-0.3182
144,1.23729295267174E+018,"Not only a politically risky strategy but also careless towards the vulnerable in the country. About 4.3m adults suffer from asthma in the U.K., a condition that would increase one‚Äôs odds of getting the severe form of the disease.  #coronavirus #COVID2019 #coronavirusuk https://t.co/9a8tVOERqF","not politically risky strategy also careless towards vulnerable country. .m adults suffer asthma u. k., condition would increase ones odds getting severe form disease. coronavirusuk","Not only politically risky strategy but also careless towards the vulnerable in the country. About .m adults suffer from asthma in the U. K., condition that would increase ones odds of getting the severe form of the disease. coronavirus coronavirusuk",{'compound': -0.7655},{'compound': -0.8886},-0.333,"{'neg': 0.314, 'neu': 0.569, 'pos': 0.117}","{'neg': 0.264, 'neu': 0.654, 'pos': 0.082}",-0.7655
145,1.24966492418125E+018,"Ask leaders to make #BehavioralScience core #education RT @JustBeMentalist: RT @DavidIHodgson: ""Remember, remember the 5th of November"". The power still lies with the people...

#COVID19 #Coronavirus #ToriesOut #Pol‚Ä¶","ask leaders make behavioral science core education remember, remember ''. power still lies people ... tories pol","Ask leaders to make Behavioral Science core education Remember, remember the th of November"". The power still lies with the people... Coronavirus Tories Out Pol",{'compound': -0.4215},{'compound': -0.4215},0,"{'neg': 0.149, 'neu': 0.851, 'pos': 0.0}","{'neg': 0.104, 'neu': 0.896, 'pos': 0.0}",-0.4215
146,1.24555575123557E+018,"How are the SDGs affected by #COVID19? What if we could incentivize a behaviour change that would also contribute to tackling the #ClimateCrisis post pandemic? The #SDGs are interconnected and we should not miss this opportunity, starting with #SDG3 https://t.co/vJWKMgyG0r","gs affected? could incentivize behaviour change would also contribute tackling climate post? gs interconnected not miss opportunity, starting","How are the Gs affected by D? What if we could incentivize behaviour change that would also contribute to tackling the Climate Crisis post pandemic? The Gs are interconnected and we should not miss this opportunity, starting with",{'compound': -0.4306},{'compound': -0.3326},0,"{'neg': 0.207, 'neu': 0.723, 'pos': 0.07}","{'neg': 0.135, 'neu': 0.76, 'pos': 0.105}",-0.4306
147,1.25078714191276E+018,"Here's how you can help policymakers, medical leaders, and academics wage war on the #coronavirus, ft. Lemonade's Chief Behavioral Officer @danariely üí™ https://t.co/ySyRQ4grAk #SocialScience #BehavioralEconomics","help policymakers, medical leaders, academics wage war, ft. lemonade chief behavioral officer flexed biceps social science behavioral economics","Here's how you can help policymakers, medical leaders, and academics wage war on the coronavirus, ft. Lemonade's Chief Behavioral Officer Social Science Behavioral Economics",{'compound': -0.296},{'compound': -0.296},0.017,"{'neg': 0.173, 'neu': 0.708, 'pos': 0.119}","{'neg': 0.136, 'neu': 0.769, 'pos': 0.094}",-0.296
148,1.24278136850697E+018,"There are essentially three ways out of this mess.
1. vaccination
2. enough people develop immunity through infection
3. ongoing #behaviourchange 

#Coronavirus: When will the outbreak end and life get back to normal?  https://t.co/Lum5Ye8Kw4",essentially three ways mess. vaccination enough people develop immunity infection ongoing behaviour change: outbreak end life get back normal?,There are essentially three ways out of this mess. vaccination enough people develop immunity through infection ongoing behaviour change Coronavirus: When will the outbreak end and life get back to normal?,{'compound': -0.3612},{'compound': -0.4357},-0.005,"{'neg': 0.122, 'neu': 0.878, 'pos': 0.0}","{'neg': 0.087, 'neu': 0.913, 'pos': 0.0}",-0.3612
149,1.24855535666353E+018,"@CambridgeCops blocked me after commenting on a post yesterday. #freespeech?

#COVID19 #Coronavirus #ToriesOut #PoliceState #PoliceStateUK #MassSurveillance
#BehavioralScience #behavioraleconomics #NWO #RevolutionNow #Censorship #Stasi #endthelockdown #NoVaccineForMe",blocked commenting post yesterday. freespeech? tories police state police state mass surveillance behavioral science behavioral economics revolution censorship stasi endthelockdown no vaccine,blocked me after commenting on post yesterday. freespeech? Coronavirus Tories Out Police State Police State Mass Surveillance Behavioral Science behavioral economics Revolution Now Censorship Stasi endthelockdown No Vaccine For Me,{'compound': -0.5106},{'compound': -0.5106},0,"{'neg': 0.177, 'neu': 0.823, 'pos': 0.0}","{'neg': 0.133, 'neu': 0.867, 'pos': 0.0}",-0.5106
