,id,text,label
0,1.24003521295789E+018,"As another #behaviourchange expert, I agree: If we can beat #Covid19 we can do the same for the #climatecrisis https://t.co/JTKYmEIOaA",
1,1.25502546323334E+018,"Hope &amp; Ideas!

#endthelockdown https://t.co/aDaZ9fZkQP",
2,1.24792548778512E+018,Awesome to see you guys ‚ù§Ô∏è #AttitudeofGratitude https://t.co/eDjNDdxfSA,
3,1.2370365757181E+018,Making #coronavirus behaviour change fun. Try it yourself and create your own poster! üôå #WashYourHands https://t.co/yxCoUdHhoj,
4,1.25185435566759E+018,"Important that we all are fully aware of this:

‚ÄòVaccine is not guaranteed‚Äô

We need to be #all_in on every other strategy, too:

Medical
Pharmaceutical
Diagnostic
Surveillance
Contact tracing
#HealthyBuildings
Behavior change
Testing
Protecting most vulnerable https://t.co/UvlxvVCbWk",
5,1.2389815268194E+018,"If public confidence is needed, don‚Äôt send out the nudge ‚Äúdoctor‚Äù as front man. BBC letting itself down again. https://t.co/fYZ4GVdKig",
6,1.24581548916885E+018,Such an eye opening story. Thank you Dr. Schlesinger for all of the important advice! https://t.co/3xEJZnBMy6,
7,1.25511779481276E+018,#socialsciences #behavioralsciences Indeed lots of public health lessons from the HIV community and management of #COVID19 which involves a great deal of #behaviorchange https://t.co/39Nc0QlmT7,
8,1.23830189319499E+018,Love the use of #GenderEquality messaging with part of  @JuliaGillard‚Äôs powerful speech to remind me about #20secondhandwash to prevent the spread of #COVID19 #BehaviourChange #FlattenTheCurve https://t.co/JJ86GVoUjO,
9,1.24192561698472E+018,"#covid19 This is why citizens need higher math in school.

The linear chart on the left makes US an Italy look similar. But the logarithmic transform shows that Italy has peaked and US is just starting. 

A better understanding leads to more behavior change, and lives saved. https://t.co/PiK8beOpbv",
10,1.25515700672343E+018,"Last week we chatted with @jasonchebib, VP Consumer Planning @Diageo_NA about the emerging post- #coronavirus consumer &amp; what behaviors may be changed for good.  Listen to #ABehavioralConvo here to catch up: https://t.co/5hMWEyTddv  #behavioralscience #cex #cx #mrx #brandstrategy https://t.co/YJUjxyxqQh",
11,1.25009546958756E+018,"Will #COVID19 prevention messaging trigger &amp; sustain #behaviorchange? Success depends on how a message is crafted &amp; how current evidence is applied. @fhi360's Julia Rosenbaum explores her fave existing evidence on fear-based messaging &amp; the use of nudges: 
https://t.co/RXVzaKcpdk",
12,1.25177860922573E+018,@RotaryMalvern üñêÔ∏èüö∞ #rotary #handwashing #behaviourchange project #handhygieneforhealth WATCH VIDEO https://t.co/uKEEDPh8e0 https://t.co/HtUOzsVYKT with #SPATAP Portable Tap making communities hygienic instantly https://t.co/7X3H0SlUB7  info@handhygieneforhealth.org #COVID19 https://t.co/eUy3x8Xwlv,
13,1.23778652785133E+018,"Suggested books

~ Abundance by @PeterDiamandis 
~ Thinking Fast and Slow by Daniel Kahneman
~ The Black Swan by @nntaleb 

Start working on your mind. 
Say to yourself, Ooin! I am doing well.  

Ooin by @mrmacaronii 

#COVID19 #coronavirus https://t.co/HMW0e5pn1z",
14,1.24274641907877E+018,"Behavioural Design to keep safe distance 

#coronavirus #COVID„Éº19 #socialdistancing #behavioralscience #nudge #nudging #behaviouralscience #behavioraldesign #safety #essentials https://t.co/wP3hn28p8X",
15,1.24639440740387E+018,"Fabulous thread
#change #motivation #COVID19 https://t.co/XXw5XLGUBA",
16,1.23814623145038E+018,"Vulnerable and old people stay at home please. 

Please don't be a bother. 

Cocoon yourself.  Wrap yourself away and don't bother the economically active https://t.co/df4Z2jNevV",
17,1.24106396879548E+018,H+K Director of Behavioral Science @Dan_Berry79 explained the most effective messages for behavioral change amidst #COVID19 on Sky News yesterday. Watch the video here: https://t.co/MeqvbfzpaC #HKinsights #coronavirus @HK_London https://t.co/o9gzyWl4gt,
18,1.24272994712444E+018,"It is important that the information you are accessing is helpful, especially during this time. This is a great summary of how information can be biased and the potential impact that can have. Stay informed, stay connected and stay safe! https://t.co/SMynqdJgdR",
19,1.23627304884573E+018,Another very good episode of real world behavioural science with @Stu_King_Hh this time in conversation with @SusanMichie and @jimmcmanusph discussing behavioural science as it applies to the #coronavirus and #publichealth https://t.co/kfDfiLtRGB,
20,1.24032843462418E+018,Behaviour change in response to #COVID19 is correlated with party identification. Left-leaning are quicker to adapt than right-leaning. Survey by @TheEconomist and @YouGov https://t.co/FgBUCPozwi,
21,1.25532996868025E+018,"We have used a new behavioural science study by @HKStrategies &amp; their creativity to develop a series of #COVID19 resources to help everyone effectively convey key messages &amp; #SlowtheSpread. Get those and 10,000+ free #coronavirus images at https://t.co/np3iUx39Nm https://t.co/Vv5aWKxdvP",
22,1.25625236064233E+018,BBC Finally Admits Communist Union Organiser Assisted with Panorama https://t.co/mJsdINFQ6j #bbcpanorama #NHS #covid19 #c4news #skynews #itvnews #bbcpm #bbcqt #Ridge #marr #peston #r4today they had another communist Susan Michie on #bbcbreakfast,
23,1.24406719755685E+018,"Just passing this on but hope it's hype, if they start the Herd Immunity behaviour in the UK it will result it maybe 100K deaths easily üòü
We need more respirators #COVID19 https://t.co/hThrgwwU6g",
24,1.24756113457779E+018,"Important to remember the importance of mood in influencing people.. often forgotten in the rush to just get a message out! 

#COVID19 #BehavioralScience #behaviorchange @Mindequity01 https://t.co/T7i4Kdmcjo",
25,1.2479262301266E+018,We help young people feel more in control of their lives even in the most challenging of circumstances. It was great to work with @Sail_Creative who are also making a significant impact to young people‚Äôs lives #mentallypreparingyp https://t.co/8sEUPXeebd,
26,1.24034423149296E+018,I can't wait to share this with my health behavior change students. Thanks for the application @SusanMichie üòÑüëç https://t.co/MuFy4HsxVe,
27,1.25556888268692E+018,"Ask leaders to make #BehavioralScience core #education RT @BITAmericas: RT @BloombergCities: Face masks. Staying home. Social distancing. We've all had to adopt new behaviors in response to #COVID19.

Here's 5 t‚Ä¶",
28,1.25629116840234E+018,100% agreed. https://t.co/PXL5k9kimD,
29,1.25279806286019E+018,Join behavioural strategist @TheaKnight online at 11 am tomorrow 23 April to discover how you can apply #behaviouralscience to encourage continued adherence and prepare for new behaviours down the #COVID19 alert levels. https://t.co/xtbR2SP2xH #StaySafe #behaviourchange https://t.co/dR09RjZBUg,
30,1.2536951983512E+018,"""So I‚Äôm going to let the #restaurant sleep, like beauty she is, shallow breathing, dormant. And see what she looks like when she wakes up‚Ä¶in a city that may no longer recognize, want or need her""‚Äî #GabrielleHamilton https://t.co/QxEB6cr8q3 #covid19 #prunenyc #BehavioralEconomics",
31,1.23956082843037E+018,Why is it so hard not to touch your face? You are much more likely to be successful at changing your behavior if you focus on developing a new habit rather than stopping an old one. #BehaviorChange #COVID19 via @abmarkman @FastCompany   https://t.co/cnSVeHDafL,
32,1.25487433097614E+018,"Ask leaders to make #BehavioralScience core #education RT @diegogirlca: RT @GreenBook: The Case for Optimism, According to Behavioral Science @PRSINVIVO #mrx #covid19 #behavioralscience https://t.co/tUAjOqny1r h‚Ä¶",
33,1.23878485586291E+018,"@carolecadwalla Prof. Ian Donald is a professor of behavioural science. It's extremely interesting to hear what this other Medical doctor has to say about #HerdImmunity . Please also see his other tweets...

https://t.co/t6oNFrbNxq",
34,1.23852337046093E+018,"@lewis_goodall @adamboultonSKY Government policy in behavioural science has been heavily weighted for #COVID19, while other factors like quarantine, safety of vulnerable and infirm have been left as footnotes. #coronavirus doesn‚Äôt recognize herd immunity or herd mentality.",
35,1.23840002383195E+018,"2010 piece on Cameron‚Äôs new ‚Äònudge‚Äô unit.

‚ÄúThe aim of the unit, strongly supported by George Osborne, is to explore ways of encouraging citizens to behave in social ways relying on market incentives, as opposed to regulations.‚Äù
#coronavirus
#market

https://t.co/c9xh9gmQsX",
36,1.24813748264807E+018,How can social and behavioural sciences support the response to COVID? New paper in Nature üëá https://t.co/r0xqgR5fSK,
37,1.24348963558356E+018,Now I‚Äôm recovered a big thanks to all the great writers who kept @BylineTimes at the front of the battle to help the NHS counter #coronavirus and the disinformation around it. Above all to @Hardeep_Matharu who has kept the site buzzing virtually solo https://t.co/Q7EM13xJN2,
38,1.24111580362333E+018,Great article from my colleague and friend about what BeSci can and can not do against #coronavirus https://t.co/jGeBEz5bXL,
39,1.23785905677507E+018,"@DrAdamErrington And the next piece I come to in my TL states precisely what you‚Äôre saying. 

Oh god. And meantime the gov taking advice from behavioural insights team and telling us to wash our hands. 

https://t.co/frL7JmhUCQ https://t.co/Pwe2cnmYrQ",
40,1.24934770701098E+018,Amazon is around 40% of U.S. e-commerce. Thought-provoking piece from @erica_pandey. The behavior change established now will remain after #COVID19. https://t.co/MHbHXIuhWL,
41,1.2436146103197E+018,Proud to be part of this inspiring meeting to galvanise UK #healthpsychology to respond to #COVID19 as academics and health care professionals at the forefront of #healthpsychology &amp; #behaviouralscience @UWEBristol @PsychUWEBristol @000_sally @griffiths_marc @divhealthpsych https://t.co/sMjhBB48VA,
42,1.23708991820102E+018,"@realDonaldTrump ACTUAL SCIENCE: Travel bans without public health and behavior change interventions have modest (ie small, like your hands) effect. But keep insisting your response is perfect, like the phone call. https://t.co/2io1ycGy8p",
43,1.24856286912333E+018,This new #decade and the reaching for the #SDGs needs us to re-think. And develop better ways of doing things. #COVID19 is teaching us a lesson #NTVNews @citizentvkenya https://t.co/HA5STxsaKn,
44,1.24996403087112E+018,"Remember the Nudge Unit director's talk of ""cocooning"" the vulnerable? 

Today the director of UK's largest care home operator says that there are cases of #Covid19 in two-thirds (67%) of its care homes - much higher than the official figure of 13% quoted by the CMO yesterday. https://t.co/j0zDzhSxFh",
45,1.2464249556985E+018,"As an ‚Äúessential industry‚Äù, food-related organizations now face a unique challenge in controlling exposure to #COVID19 . #foodsafety #coronavirus #foodsafetyculture #behavior #sanitation https://t.co/wS5OSI1X1a",
46,1.24216426550464E+018,"I have yet to see a great behavioral / nudge take on how to ensure maximum compliance with physical distancing and hygiene guidelines. 

Where are the #BehavioralEconomics people on #COVID19 &amp; how to turn the predictably irrational #COVIDIOTS into compliant, responsible citizens?",
47,1.24203773588139E+018,"Forced out of autopilot by #COVID19 ? Don't miss this opportunity to make critical changes to your #leadership! Check out how to leverage #behaviouraleconomics and #psychology to make the best of #WorkingFromHomeLife and have a stronger team as a result!

https://t.co/SD3EcdVLBA",
48,1.23897107989844E+018,"The role of psychology in slowing #COVID19 - @SusanMichie &amp; other behavioural scientists call for greater transparency in evidence base to increase public trust in government advice
By @hannahdev @guardian 
https://t.co/uMpozGGG1l",
49,1.23996793417007E+018,"And then this happens! Norm MacDonald shared my article! #HappyStPatricksDay 

https://t.co/pQPmd6rYRX

#YourHappinessHypothesis #relationships #behavioralscience #dating #datingapps #onlinedating #single #datingtrends #CORONAVIRUS #CORONAVIRUS
#COVID19 #COVID19ANXIETY https://t.co/KoLfrJaWBD",
50,1.25519141991394E+018,"Ask leaders to make #BehavioralScience core #education RT @PeterFrankCosta: RT @Protobrand: Last week we chatted with @jasonchebib, VP Consumer Planning @Diageo_NA about the emerging post- #coronavirus consumer &amp; wh‚Ä¶",
51,1.2454682092786E+018,Will consumer behavior &amp; pattern fundamentally or only modestly change when we come out on the other side? #COVID19 #ChangesTheMovement  #behavioraleconomics,
52,1.24308764663472E+018,Although new data is being produced all the time now to refine the model. https://t.co/Shgbpc38mI,
53,1.23805342845629E+018,@piersmorgan listen to a rational person on Coronavirus https://t.co/ndoyAOEBEs,
54,1.2457411189454E+018,"We need to ""replace the term 'social distancing' w/'spatial distancing,'"" says Loewenstein. This is in line w/Nick Epley's rec from last night's 
@CDR_Booth webinar: We don't need to distance ourselves socially, just physically. #BehavioralScience #COVID19 https://t.co/WRSacpD4jZ",
55,1.23814901593975E+018,Lock gran up for a cpl of weeks and all will be o.k.! https://t.co/Wetv9cMKRS,
56,1.25399900785414E+018,Ideas................. https://t.co/aDaZ9fZkQP,
57,1.23581877071674E+018,Ask leaders to make #BehavioralScience core #education RT @damani_anand: RT @BriefcaseTweets: Behavioural Design to get people to use the sanitizer @NudgingforKids #coronavirus #COVID19 #behaviouraldesign #behavi‚Ä¶,
58,1.23836606415893E+018,People go to the pub before live sporting events https://t.co/YOrRlxmVWR,
59,1.24673567384505E+018,Ask leaders to make #BehavioralScience core #education RT @ScalarHumanity: Ask leaders to make #BehavioralScience core #education RT @JustBeMentalist: RT @DavidIHodgson: #COVID19‚Ä¶ https://t.co/sfW2UuBOO8,
60,1.24997446058679E+018,history will tell us..... https://t.co/OZRReDjsnj,
61,1.25522165105633E+018,Designing for Behavior Changes During a Pandemic. ‚Å¶@amybphd‚Å© #behaviorchange #COVID19 ‚Å¶@WeWalife‚Å©  https://t.co/Pnobx8UF7O,
62,1.25153766587223E+018,THREAD #Covid_19 #covid #coronavirus #coronavirusUK #borisjohnson #dominiccummings #nudgeunit #ventilators #ventilatorshortage https://t.co/j9V6rhA1Kq,
63,1.24428823139656E+018,"Here's Gary.
He's a world leading epidemiologist and behavioral scientist. Him and his 16 mates have done a poll.
We can all stand down!! https://t.co/oq3g7Z4A6w",
64,1.25039486723631E+018,How do brands connect with consumers during immense economic and behaviour change? Wrote a piece on how different brands are reacting to our changing reality. Link below üëáüèª https://t.co/p3Y6dOaETD,
65,1.24824025137562E+018,Using Behavioral Science to Control Exposure to #COVID19 and more on @FoodSafetyTech https://t.co/TSIbkWXXMx #FDA #FSMA #foodfraud #womeninfoodsafety,
66,1.25274528076154E+018,"Ask leaders to make #BehavioralScience core #education RT @DavidIHodgson: #COVID19 #Coronavirus #ToriesOut #PoliceState #PoliceStateUK #MassSurveillance
#BehavioralScience‚Ä¶ https://t.co/AUfRIEJ4e0",
67,1.25263504913828E+018,"Sounds right with ref to #Covid19, see article by .@DrAseemMalhotra https://t.co/xV9S3OYcB9
and
Family weight management: changing behaviour techniques
https://t.co/GXvrVVlzGj https://t.co/MbDuMEh4kL",
68,1.25417974693569E+018,Ask leaders to make #BehavioralScience core #education RT @ScalarHumanity: Ask leaders to make #BehavioralScience core #education RT @gogsy58: RT @DavidIHodgson: #COVID19 #Coronavirus‚Ä¶ https://t.co/xX67DD3OZK,
69,1.24960462820069E+018,"Ask leaders to make #BehavioralScience core #education RT @DavidIHodgson: #COVID19 #Coronavirus #ToriesOut #PoliceState #PoliceStateUK #MassSurveillance
#BehavioralScience‚Ä¶ https://t.co/6UzQW8T9aa",
70,1.24544849549615E+018,"Tracking #UK #behaviourchange
2 evaluate #physicaldistancing

#COVID19 Ro could fall&lt;&lt;1.0

Fingersü§û

@AdamJKucharski
https://t.co/XnIqASG3gz",
71,1.25031426929752E+018,"Ask leaders to make #BehavioralScience core #education RT @DavidIHodgson: #COVID19 #Coronavirus #ToriesOut #PoliceState #PoliceStateUK #MassSurveillance
#BehavioralScience‚Ä¶ https://t.co/uGUCjrmjp4",
72,1.24743021362727E+018,"Ask leaders to make #BehavioralScience core #education RT @DavidIHodgson: #COVID19 #Coronavirus #ToriesOut #PoliceState #PoliceStateUK #MassSurveillance
#BehavioralScience‚Ä¶ https://t.co/f7i8rOAZFs",
73,1.24882691047532E+018,Insights from #behaviouralscience for #COVID19 pandemic - our latest blog currently available in 20 languages - more available in coming days üëáüëáüëáhttps://t.co/ottGqPemrd @EHPSociety @dkwasnicka @JennyLOlson @SDPotthoff @AinsleaCross @keeganknittle https://t.co/DAJbqX1A7g,
74,1.23820851998538E+018,This man is a psychologist. That is how ******** the UK is re: #coronavirus. The BBC didn't point that out of course. https://t.co/rSrbEny7wJ,
75,1.23581874809687E+018,Ask leaders to make #BehavioralScience core #education RT @mayurtek: RT @BriefcaseTweets: Behavioural Design to get people to use the sanitizer @NudgingforKids #coronavirus #COVID19 #behaviouraldesign #behavi‚Ä¶,
76,1.24166505604942E+018,"@piersmorgan @Spoonhead8 Here we see Dr David Halpern of the Behavioural Insights Team speaking on the record to the BBC on 11th March.

Halpern sits, or did then, on SAGE, the key committee organising the response to the #coronavirus.

https://t.co/HemuIMC1e5",
77,1.25335074573224E+018,"How Behavioral Studies Suggests, Patterns of Seeings Things Do Change &amp; Become Adaptive During the Course of Pandemic #Covid_19 

Do Read.. 
https://t.co/4Fu805zAYv

#COVID19 #carhelpline #ReadingHour #behaviorchange #roadsidecoverage #insurtech #insurance #PandemicCovid19",
78,1.23785121759579E+018,Read this and action! https://t.co/aPLU2Qr8Cb,
79,1.23812113228222E+018,@excisa - any thoughts on this? https://t.co/vc1WOdU7YN,
80,1.2510832717038E+018,"Since the #covid19 #coronavirus pandemic increases *much* more quickly than #HIV ever did, can responses based on these lessons be developed at lightning speed? https://t.co/WBexNleZYi",
81,1.25152221458908E+018,"Ask leaders to make #BehavioralScience core #education RT @pikachanyan: RT @DavidIHodgson: #COVID19 #Coronavirus #ToriesOut #PoliceState #PoliceStateUK #MassSurveillance
#BehavioralScience #behavioraleconomics #‚Ä¶",
82,1.25470123128675E+018,"@BorisJohnson @GOVUK @10DowningStreet #endthelockdown #endthelockdownuk
Boris YOU will go down in history as the man that KILLED Britain. https://t.co/7xF6jrSHOT",
83,1.24783774656099E+018,"@globalhlthtwit Cobblers - they might be deaths ""with"" coronavirus but they won't be deaths ""of"" it. Most deaths are of people with underlying conditions a la 'flu.

#COVID19 #Coronavirus #ToriesOut #PoliceState #PoliceStateUK #MassSurveillance
#BehavioralScience #behavioraleconomics #NWO",
84,1.25102387078361E+018,Ask leaders to make #BehavioralScience core #education RT @ScalarHumanity: Ask leaders to make #BehavioralScience core #education RT @DavidIHodgson: #COVID19 #Coronavirus #ToriesOut‚Ä¶ https://t.co/kufGxjCRsV,
85,1.25025382299333E+018,"Ask leaders to make #BehavioralScience core #education RT @jpcarroll: RT @reshmatrasi: My small, humble contribution to the #COVID19  blogosphere, where I reflect on what leading a #behavioralscience project f‚Ä¶",
86,1.23769341490649E+018,"Ahead of #diversealz Thurs on media, dementia and reporting in the age of coronavirus, we will also chat about this: https://t.co/BlM8poinvS",
87,1.25004285952234E+018,how did this work out @BBCMarkEaston ? https://t.co/mFKffgn7cD,
88,1.23511886982552E+018,"RT from medshronline #Coronavirus Covid-19: What can we learn from behavioural science?

https://t.co/BfF8mO9597

#PublicHealth #China #Wuhan #Coronavirus #Virology #MedTech #HealthTech https://t.co/N7Kfbcy4M4",
89,1.23526685293639E+018,RT @abuttenheim: üëá Today's #BehavioralScience/#COVID19 mashup must-read from @mhallsworth,
90,1.24828435713718E+018,Ughh tuned into this @ideo webinar yesterday and now unashamedly stalking @AndreaMallard. https://t.co/BgbSJBcAwa,
91,1.23818593876281E+018,"This. Has ""behavioural science"" factored in that no-one believes a word Johnson says - not even the millions who voted for him? https://t.co/6SYdq1x3Re",
92,1.23672119589207E+018,"What #BehavioralScience tells us about minimizing face touching #COVID19. Sneak peak - saying ""doing touch your face"" doesnt work https://t.co/7r6ONZLiV7",
93,1.23509500756599E+018,So we're f'ed then. https://t.co/OyrywwZs5R,
94,1.254723257087E+018,"Ask leaders to make #BehavioralScience core #education RT @DavidIHodgson: #COVID19 #Coronavirus #ToriesOut #PoliceState #PoliceStateUK #MassSurveillance
#BehavioralScience‚Ä¶ https://t.co/OshvsReecP",
95,1.25294493527754E+018,@ellenraelambert and I have written a two part blog for @inspirethemind_  discussing behaviour change theory and human behaviour during pandemics such as #COVID19. Part one below! https://t.co/sm5UG5MFik,
96,1.24684141973153E+018,Ask leaders to make #BehavioralScience core #education RT @ScalarHumanity: Ask leaders to make #BehavioralScience core #education RT @DavidIHodgson: #COVID19 #Coronavirus #ToriesOut‚Ä¶ https://t.co/5plvMG8q2L,
97,1.24506903064343E+018,This.... https://t.co/IHMJ7XfDHo,
98,1.23818059144879E+018,Thread. What our intuition tells us is not always the right course of action. https://t.co/0aMvShYejn,
99,1.24129539485385E+018,#Herd_Immunity #herdimmunity filmed around 11-March-2020 https://t.co/A9DgZVCWWN,
100,1.24858991415495E+018,"@BBCNews @itvnews @piersmorgan @GMB 

Any chance of a mention for the sake of balance?

#COVID19 #Coronavirus #ToriesOut #PoliceState #PoliceStateUK #MassSurveillance
#BehavioralScience #behavioraleconomics #NWO #RevolutionNow #Censorship #Stasi #endthelockdown #NoVaccineForMe https://t.co/Ju8tb86ckN",
101,1.25104438626094E+018,"@JCaramac @jmshrrsn Remember when David Halpern, head of the 'Nudge' Unit claimed vulnerable people would be 'cocooned' from the insane #HerdImmunity policy? That got changed to 'abandoned' pretty quickly didn't it? https://t.co/vF6m4iQTp4",
102,1.2542984697764E+018,"So, Cummings asked questions. Were they ""Is there any evidence at all of herd immunity?"" ""Why are you so at odds with the WHO?"" ""How many more deaths for each day of lockdown delay?"" ""Behavioural science is often speculative, right?""? Or what? Publish the minutes. #marr #COVID19 https://t.co/kYDf1qJs1R",
103,1.25580266927025E+018,"Extremely Doubtful

#COVID19 #Coronavirus #ToriesOut #PoliceState #PoliceStateUK #MassSurveillance
#BehavioralScience #behavioraleconomics #NWO #RevolutionNow #Censorship #Stasi #endthelockdown #NoVaccineForMe https://t.co/IeSchPwNGD",
104,1.24591520075618E+018,"Next week, I‚Äôll be joining @IDEO in a conversation around #COVID19 communication and its connection to behavior change. Join the webinar on April 7 at 8AM PST: https://t.co/28gYdeZC91 https://t.co/pHJiYm9fZs",
105,1.23948119063105E+018,"Simply perplexed by the UK Gov response to the #coronavirus 

""If the argument of behavioural fatigue is really driving U.K. policymakers to delay social distancing, this concept had better stand up to scrutiny."" https://t.co/s9o6vmd5KK",
106,1.23888716092268E+018,@JHowellUK please explain why schools in your constituency ARE DUE TO OPEN AS NORMAL on Monday - this is frightening @henleyherald @henleystandard #COVID19 #eugenics @LeadHenley https://t.co/MzIEZjYwjV,
107,1.24757241874032E+018,The most toughest to acknowledge ‚ÄúI don‚Äôt know.‚Äù https://t.co/xuapTEASLo,
108,1.24984502944895E+018,"How To Talk To Skeptics About COVID

‚ÄúNumbers do not motivate people,‚Äù said Schoch-Spana, ‚ÄúKnowing that you can do something, knowing what to do, and seeing other people just like you doing it. That‚Äôs when you see behavior change.‚Äù¬†

#COVID19 #skeptics 

https://t.co/MzR7ihL1zZ",
109,1.23498873812555E+018,"Something that the world doesn‚Äôt understand about this regime is that, the longer the üåé waits on behavior change from this regime, the more global disaster will come!!
World should listen to the people of #Iran who want  #RegimeChange and #FreeIran2020 
#coronavirus 
#Covid_19 https://t.co/PgaWID1Dkr",
110,1.24494902689143E+018,Perhaps we never needed social behaviour change communication for the most poor or vulnerable https://t.co/9j3BQN5xwX,
111,1.24517150480916E+018,"Goodbye #March mayhem. Helloüëãüèºtogetherness. On 3/3, the #NashvilleTornadoüå™destroyed #EastNashville. Since then, #COVID19ü¶† is destroying the üåé. Both teach us #BehaviorChange, together, is critical to treating &amp; preventing any crisis. ‚Å¶@lirio_llc‚Å© https://t.co/wZwyXaffoh",
112,1.23916746049183E+018,"Agree. UK gov response has not been proportionate to threat. You can‚Äôt buy hand sanitizer in the shops. If you don‚Äôt have soap+water nearby that means you don‚Äôt have *opportunity* to wash hands.  
@SusanMichie @B_I_Tweets perhaps you could nudge the gov into addressing problem https://t.co/g6D4OcmaHf",
113,1.23788535655433E+018,"The ""Nudge Unit"" - the company currently advising Johnson's cabinet on its response to the #coronavirus pandemic - has previously worked with the DWP &amp; the Dept of Health to find ways of pushing sick &amp; disabled people into work.
https://t.co/lcRbnPxUC7",
114,1.23739449192276E+018,"How will shopper behaviour change should the coronavirus situation worsen?  We surveyed 1,000 UK consumers in March to find out their views and behaviours following the coronavirus outbreak --&gt; https://t.co/0kcNQJW8wj #coronavirusuk #coronavirus #CONVID19 https://t.co/eSdIxo6fZf",
115,1.24265120001877E+018,"How can our knowledge in the social &amp; behavioral sciences help in the fight against #COVID2019? This paper tackles everything from emotions, to social norms &amp; culture, to fake news, and more. https://t.co/l31wVPhWss",
116,1.24791325716956E+018,"New version (post review at Nature Human Behaviour) is now online, with a fancy infographic #KnowledgeTranslation #COVID19 #SocialScientistsAssemble. https://t.co/uojhyRG3ll",
117,1.24849978274775E+018,"@BBCNews @itvnews @piersmorgan @GMB 

Any chance of a mention for the sake of balance?

#COVID19 #Coronavirus #ToriesOut #PoliceState #PoliceStateUK #MassSurveillance
#BehavioralScience #behavioraleconomics #NWO #RevolutionNow #Censorship #Stasi #endthelockdown #NoVaccineForMe https://t.co/DSPmABYjs4",
118,1.23882863133124E+018,"There are real issues with the #UK government's approach to #covid19, which summarises as: let heathy people get the disease (and survive) to develop #Herd_Immunity. 60% seems to be the figure. #ethics https://t.co/GgRQ5ibj9a",
119,1.25436681599783E+018,Nudge theory is mostly common sense dressed up science based on evidence that is largely speculation. Even much vaunted book by eminent academics fails to rise above that description #SAGE #COVID19 #Nudge https://t.co/hZleMXFiRO,
120,1.25582458693711E+018,No cognitive bias modification required. https://t.co/S7OBsiU9vd,
121,1.24131413460985E+018,"Can't wrap my head around this. I've studied behavioural economics, and nudge theory admittedly only to an undergraduate level but it's so obviously inappropriate in this context. What the hell were they thinking? https://t.co/aLpwzJPKLx",
122,1.23778941729051E+018,"#coronavirus #COVID19 

 11 March 2020  - 

It‚Äôs time to get really serious about keeping our distance and adhering to the guidelines about hygiene. https://t.co/AQ4vbfvAXk",
123,1.24501927546478E+018,"Is anyone doing research on #activetravel behaviour change during #COVID19? I'm guessing a move toward individual #transport modes (walk, cycle, car), reduction in public transport (of course), and reduction in total no. of journeys? With exercise encouraging walk/cycle uptake?",
124,1.25625162306989E+018,"#COVID19 #Coronavirus #ToriesOut #PoliceState #PoliceStateUK #MassSurveillance
#BehavioralScience #behavioraleconomics #RevolutionNow #Censorship #Stasi #endthelockdown #NoVaccineForMe #4IR  #BigBrother Legal Challenge to UK Lockdown being sourced https://t.co/WVlxDVOnge",
125,1.24548289289499E+018,"@SebastianEPayne @alexwickham Of course herd immunity is the 'plan', as is a brexit crash out. Vallance &amp; Whitty's ""thinking""? They're stooges. The power behind the herd immunity debacle is Cummings &amp; David Halpern &amp; his Nudge Unit: https://t.co/vF6m4iQTp4",
126,1.24859074268098E+018,"@BBCNews @itvnews @piersmorgan @GMB 

Any chance of a mention for the sake of balance?

#COVID19 #Coronavirus #ToriesOut #PoliceState #PoliceStateUK #MassSurveillance
#BehavioralScience #behavioraleconomics #NWO #RevolutionNow #Censorship #Stasi #endthelockdown #NoVaccineForMe https://t.co/wFD6FnGaj2",
127,1.23591713220823E+018,We have a tendency to completely disregard probability in times of fear.  @CassSunstein talks ‚Äòprobability neglect‚Äô via @bopinion. #COVID19   The Cognitive Bias That Makes Us Panic About Coronavirus https://t.co/gz1SnDMBAw,
128,1.23842417816594E+018,"#Nastiz in govt will wait until #Covid19uk peaks as peeps will accept only limited 'social distancing'?

Then do it NOW, BEFORE #Covid_19uk peaks. Once peaked, infections are, de facto, declining

Do nowt and a bigger peak will extend the curfew, as infected stay home or die https://t.co/ZHb3Yre0Zp https://t.co/mUQOM6TMby",
129,1.23994662863684E+018,"Our research team has done a lot of thinking about #COVID19 over the last week. @rossohara64 has some thoughts about how self-affirmation can be another tool in our kit to combat the spread of coronavirus. via @PsychToday  #behavioralscience 

https://t.co/vmbN4Kod4Q",
130,1.25049387710825E+018,Mining Data is no longer a swear word I think for countries like SA the Data coming out of #COVID19 is critical to build capacity and channel resources to under services communities. To survive the pandemic strategically using the data to fix will solve problems #ECafrica https://t.co/wM4nuaUYMi,
131,1.23812869824468E+018,So ‚Äòat risk‚Äô ‚Äòvulnerable‚Äô  #WASPI women get ‚Äúcocooned‚Äù whilst also being forced to work because their pensions were stolen. How‚Äôs that going to work then? #BackTo60 https://t.co/Qz9sG4dTZX,
132,1.2454073315858E+018,"Why I've started adding ‚ÄúForced break from meetings to GSD‚Äù into my schedule‚Ä¶
https://t.co/nawtyBI3oR

#covid19 #burnout #wfh #workfromhome #meetings #schedules #behaviorchange #precommitmentdevice #appliedBE #atomichabits #process #corporate #innovation",
133,1.23838886991518E+018,The government needs to be transparent about the science its using to support its measures. the modelling is what. the behavioural science by who? #coronavirus. this is a decison by a society not that of a government. no government was elected to minister death!,
134,1.23811906531671E+018,"I find this thought incomprehensible. 15-20% of CV Plague sufferers ""need"" hospitalisation. There isn't some tiny ""vulnerable group"" with everyone else being OK. The key problem is that most of that 15-20% will not get hospital treatment if CV Plague spreads too rapidly. https://t.co/s81y7XwNuY",
135,1.24724905369769E+018,"Ask leaders to make #BehavioralScience core #education RT @chandraosborn: Collective action is the only way to stop #COVID19. Lirio's #BeSci + #AI programs communicate 1:1, actioning people‚Ä¶ https://t.co/C3hEkXVhGD",
136,1.24677519188948E+018,Everybody is talking about the collapse of the travel industry and of SMEs due to the #coronavirus. I'm curious how this will affect the fashion industry - all I need these days are a pair of pyjamas and some running gear  #stayathome #behavioraleconomics,
137,1.25103805817623E+018,"Come out of your caves &amp; start living, people.

#COVID19 #Coronavirus #ToriesOut #PoliceState #PoliceStateUK #MassSurveillance
#BehavioralScience #behavioraleconomics #NWO #RevolutionNow #Censorship #Stasi #endthelockdown #NoVaccineForMe https://t.co/xxWhdE3cR3",
138,1.24968001654528E+018,"Ask leaders to make #BehavioralScience core #education RT @takumiisback: RT @DavidIHodgson: ""Remember, remember the 5th of November"". The power still lies with the people...

#COVID19 #Coronavirus #ToriesOut #Pol‚Ä¶",
139,1.25052488770331E+018,Well he just confirmed what had been nagging me - I'm 74 with underlying health concerns and now have a lifetime of incarceration to look forward toüôÅ I suppose my challenge is to find a prison I enjoy. Thinking: a trout stream in western MaineüòÉüòÉ https://t.co/IXbTxonOp4,
140,1.24020408349718E+018,"In this video, I explain the psychological reasons why people are currently 'panic buying' amidst the corona virus scare.

#coronavirus #covid19 #psychology #behavioralscience #beinformed #system1 #system2 #panicbuying  https://t.co/FbE4Hs0lLM",
141,1.25436038087014E+018,"Nudge theory is a poor substitute for hard science in matters of life or death
#COVID19 #BrexitBorisBritain #Halpern #BIT #Nudge #BeyondParody #ENOUGH
https://t.co/e9Vq7Lsnd1",
142,1.24661521930195E+018,"Disagree that it means there is no #COVID19 crisis. But to the extent COVID-19 is merely supplanting its comorbidities as the reported cause of death, it‚Äôs very concerning that there is a lack of curiosity on this front by those who appear vested in stoking the panic. True data? https://t.co/GvF0ROETQS",
143,1.25514409108973E+018,"People confused about the #COVID19 stats, rates and percentages in Twitter.
#DanielKahneman : https://t.co/rNM6LUQW9H",
144,1.23729295267174E+018,"Not only a politically risky strategy but also careless towards the vulnerable in the country. About 4.3m adults suffer from asthma in the U.K., a condition that would increase one‚Äôs odds of getting the severe form of the disease.  #coronavirus #COVID2019 #coronavirusuk https://t.co/9a8tVOERqF",
145,1.24966492418125E+018,"Ask leaders to make #BehavioralScience core #education RT @JustBeMentalist: RT @DavidIHodgson: ""Remember, remember the 5th of November"". The power still lies with the people...

#COVID19 #Coronavirus #ToriesOut #Pol‚Ä¶",
146,1.24555575123557E+018,"How are the SDGs affected by #COVID19? What if we could incentivize a behaviour change that would also contribute to tackling the #ClimateCrisis post pandemic? The #SDGs are interconnected and we should not miss this opportunity, starting with #SDG3 https://t.co/vJWKMgyG0r",
147,1.25078714191276E+018,"Here's how you can help policymakers, medical leaders, and academics wage war on the #coronavirus, ft. Lemonade's Chief Behavioral Officer @danariely üí™ https://t.co/ySyRQ4grAk #SocialScience #BehavioralEconomics",
148,1.24278136850697E+018,"There are essentially three ways out of this mess.
1. vaccination
2. enough people develop immunity through infection
3. ongoing #behaviourchange 

#Coronavirus: When will the outbreak end and life get back to normal?  https://t.co/Lum5Ye8Kw4",
149,1.24855535666353E+018,"@CambridgeCops blocked me after commenting on a post yesterday. #freespeech?

#COVID19 #Coronavirus #ToriesOut #PoliceState #PoliceStateUK #MassSurveillance
#BehavioralScience #behavioraleconomics #NWO #RevolutionNow #Censorship #Stasi #endthelockdown #NoVaccineForMe",
