,id,created_at,user_location,text,subkeywords
5,1266510234274672645,Fri May 29 23:22:25 +0000 2020,"Scotland, Scotland",Love it.üëèüëèüëèüëè https://t.co/RjOEc3DYPw,[]
12,1240976408563908608,Fri Mar 20 12:20:06 +0000 2020,London,WOO Join us in 15 mins time. &lt;3 Facebook Live for anyone who cannot get into Zoom x https://t.co/VbnsYXyDkg,[]
26,1250457025005457410,Wed Apr 15 16:12:41 +0000 2020,"Lodz, Poland","I'd add the fourth one: don't let the policy responses be influenced by the powerful, conservative religious lobbies. https://t.co/WPmGY3kVIz",[]
34,1244576935373467648,Mon Mar 30 10:47:19 +0000 2020,"Faridabad, India",It Bqs https://t.co/CUnK5fUgkE,[]
38,1260238520284839937,Tue May 12 16:00:51 +0000 2020,Wandsworth ,"Cashless is going to be impossible for those who don‚Äôt have bank accounts (needs to be a People‚Äôs Bank). If we can‚Äôt use cars, then better jump on jump off public transport (great that massive 4x4‚Äôs will go). https://t.co/hdplmEDKVN",[]
39,1251497788292182016,Sat Apr 18 13:08:19 +0000 2020,,Ghetto plans for society's vulnerable https://t.co/BmmWLd0JlR,[]
47,1238100307906871296,Thu Mar 12 13:51:30 +0000 2020,ü§°,"OK, interesting. https://t.co/q4M7D4kM0e",[]
57,1240171053655171073,Wed Mar 18 06:59:55 +0000 2020,EDINBURGH ,This will be well worth a read https://t.co/QjlMvSoG2d,[]
58,1245069030643425283,Tue Mar 31 19:22:43 +0000 2020,,This.... https://t.co/IHMJ7XfDHo,[]
77,1242596669801132032,Tue Mar 24 23:38:27 +0000 2020,University of Queensland,Honored to have been part of this great initiative. https://t.co/y2aDcHIZuc,[]
89,1240595591681302528,Thu Mar 19 11:06:52 +0000 2020,,@threadreaderapp unroll https://t.co/bod3CluGDS,[]
93,1238143391478808579,Thu Mar 12 16:42:42 +0000 2020,Sheffield,This man is not a medical doctor or expert. He is a social scientist. https://t.co/cseXRzuw9H,[]
96,1262634315780722688,Tue May 19 06:40:54 +0000 2020,"Gurgaon, India",Our #BehaviourallySpeaking webinar is back! A stellar panel discussing shaping up of social norms and behaviours post-lockdown - looking to be an interesting discussion. https://t.co/6I5mmIBy75,[]
98,1241517328497606656,Sun Mar 22 00:09:32 +0000 2020,"Baltimore, MD","#SBC folks - seminar on Monday, 3:00 pm London time! https://t.co/KpU2KseLsG",[]
101,1247823731730165761,Wed Apr 08 09:48:55 +0000 2020,Iraq Syria Myanmar Bangladesh Yemen,Another reason why we champion and support our #Rohingya Community Health Workers - they are already such positive advocates for public health in their communities.. https://t.co/35wmWDQEn1,[]
112,1245601091208622080,Thu Apr 02 06:36:56 +0000 2020,India,"We have shared the Webinar link with all registered participants. Registration is still open for now: https://t.co/nFbq9GVb3O 

See you all at 20:30 IST / 11:00 EST today! https://t.co/1mgkQCzAur",[]
113,1245415238574407680,Wed Apr 01 18:18:26 +0000 2020,"Nairobi, Kenya",Agreed https://t.co/oYMgbLWDPd,[]
114,1241398561830588416,Sat Mar 21 16:17:35 +0000 2020,,And the UK STILL isn't taking it seriously. Weeks and weeks of the government being blase has led to this. https://t.co/LnLj8Sh98X,[]
127,1243628505981767682,Fri Mar 27 19:58:35 +0000 2020,United Kingdom,"¬´¬†Oh, my prophetic soul...¬†‚Äò‚Äô https://t.co/jFmgqHk4PX",[]
138,1234974250445918208,Tue Mar 03 22:49:40 +0000 2020,Melbourne,Example of the COM-B model @BrionyHill5 @SeonadM and hand washing https://t.co/RmjA28i3hW,[]
149,1238106683106304004,Thu Mar 12 14:16:50 +0000 2020,"Manchester, UK","Remember this man‚Äôs face. You‚Äôll be seeing him in 25 years time when the children of the survivors, then in power, can no longer resist the calls for an enquiry. No idea how this ‚Äúcocooning‚Äù snake oil is supposed to work in mixed age family settings. It‚Äôs an experiment on US. https://t.co/100NGqJl0n",[]
150,1266296552324165635,Fri May 29 09:13:19 +0000 2020,Somewhere inside my head.,"Didn't see the programme and am intrigued to know what, if anything, she said about Johnson. https://t.co/hHn2rVEYUk",[]
163,1238186157361561601,Thu Mar 12 19:32:38 +0000 2020,Ireland,The guy Boris Johnson is taking advice from isn't even a fkn virologist!!!! He's not even a fucking biological scientist!!! https://t.co/i9pFc2G6lU,[]
186,1246549655657250823,Sat Apr 04 21:26:12 +0000 2020,University of Manchester,I am totally going to do this next time I go out. Such a simple yet clever innovation! https://t.co/BLnzvxt9Tx,[]
189,1259434002026553345,Sun May 10 10:43:59 +0000 2020,"Norwich, England","Here is a short clip of my discussion regarding the #lockdown on @SkyNews.

Thanks for having me on @jonathansamuels, was a pleasure. https://t.co/foIfHGvQPR",[]
197,1238204524650795017,Thu Mar 12 20:45:38 +0000 2020,London,Is it just me or does he have a whiff of #CambridgeAnalytica about him...? https://t.co/BoHJ8k4lFV,[]
198,1258628275880026112,Fri May 08 05:22:19 +0000 2020,,What the fuck!!!.. Time and again they keep proving to you that the app is a load of bullshit and you still have the audacity to tweet this shit.. https://t.co/LWai0j8bej,[]
203,1263440897770835970,Thu May 21 12:05:58 +0000 2020,"New Delhi, India","1 hour to go! 

Register now for #webinar on ‚ÄúBehavior Change Post Lockdown‚Äù co hosted by @CSBC_AshokaUniv, @HarvardChanIRC &amp; @Project_SANCHAR

üóì: 21 May 2020; 6:30 - 8:00 PM IST
Register here:  https://t.co/xIsUwBtBpy

#BehaviourallySpeaking https://t.co/0S34IlIuGC",[]
214,1245415805560422402,Wed Apr 01 18:20:41 +0000 2020,"Nairobi, Kenya",Agreed. https://t.co/eQ0QILeSz7,[]
219,1243304087862599680,Thu Mar 26 22:29:28 +0000 2020,University of Liverpool,"Scandalous if true

@mikegalsworthy 
@petticrewmark 
@richardhorton1 
@martinmckee 
@bengoldacre 
@deb_cohen
@CecileKnai
@guardian
@TheBMA https://t.co/NOxHA16gOj",[]
224,1266244758025859072,Fri May 29 05:47:30 +0000 2020,"Dundee, Scotland",In case you missed this @IanMurrayMP .  Not everyone thinks Scotland is s***e. https://t.co/gb1j1b0eOk,[]
230,1260901583342071809,Thu May 14 11:55:38 +0000 2020,One World üåé‚ù§Ô∏èand Êù±‰∫¨,"Wonderful nice !üëè
Message from me arrived !
Thank you for your kindness.
Thank you so very much!!!üôáüèª‚Äç‚ôÄÔ∏è
One world üåé ‚ù§Ô∏èOne heart ‚ù§Ô∏è 
Sincerely from Japan üáØüáµ 
thank you üòä https://t.co/CQAoeQm3Yp",[]
231,1257304723385839617,Mon May 04 13:43:00 +0000 2020,Wrexham          Anglesey,Early March ‚¨áÔ∏è if only they listened to you Clive how many lives would have been spared ? https://t.co/jF4Xz9h3a9,[]
240,1243708551425601536,Sat Mar 28 01:16:40 +0000 2020,,"This looks amazing, cannot wait to read https://t.co/0TPs2iEHW4",[]
242,1261859725907386369,Sun May 17 03:22:57 +0000 2020,"Chennai, India","See thread from beginning. Awesome prediction for 16 May, which surveillance was supposed to herald. https://t.co/WaBfds1XQb",[]
246,1238741856533577728,Sat Mar 14 08:20:47 +0000 2020,Charente Maritime,It would appear that Jackass Johnson is happy with a great many people dying. https://t.co/uMWBYKtERv,[]
250,1266619253253386243,Sat May 30 06:35:37 +0000 2020,"Edinburgh, Scotland",If you trust someone you are more likely to do what they ask. Not really rocket science! https://t.co/EqTDb0IV4i,[]
252,1238429516202225664,Fri Mar 13 11:39:40 +0000 2020,UK,You can't have it both ways Clive and now you are an effing epidemiology expert too it appears. Stick to oncology fgs. https://t.co/Q1D3ClE77I,[]
257,1266652385285414913,Sat May 30 08:47:16 +0000 2020,Glasgow Scotland,Just for you @IanMurrayMP https://t.co/F9Lzm9GPLQ,[]
266,1262449556945383424,Mon May 18 18:26:44 +0000 2020,London,"And if you missed it, you‚Äôll be able to view the recording from tomorrow evening https://t.co/PhGN8sxkG5",[]
279,1245278271845085184,Wed Apr 01 09:14:10 +0000 2020,"South East, England",Makes you think about adapting more to help those around you. Like the ref to @thebodycoach   https://t.co/41W3xPHr9e @joewicks https://t.co/q7aZsGezEZ,[]
281,1237851217595785216,Wed Mar 11 21:21:43 +0000 2020,Nottingham,Read this and action! https://t.co/aPLU2Qr8Cb,[]
287,1253951212937809920,Sat Apr 25 07:37:21 +0000 2020,Kerala,Let us create a waste free food secure world. Support local and fresh food https://t.co/v3K80WPgrt,[]
292,1238038543672446976,Thu Mar 12 09:46:05 +0000 2020,Poland,Responsibility - high priority https://t.co/t0KIRVI6Yo,[]
297,1244919792496230400,Tue Mar 31 09:29:42 +0000 2020,Hampshire,"I'd put hand wipes out for them if I could find any. Instead, the kids helped make this sign for the door. https://t.co/ahHANlnWaV https://t.co/yAcXDMKNiH",[]
298,1254655785411338241,Mon Apr 27 06:17:04 +0000 2020,"Sydney, New South Wales",And thank you! for your fascinating paper @inhouseconomist @BE4Policy https://t.co/JqhOsKG7H7,[]
317,1259431925753634816,Sun May 10 10:35:44 +0000 2020,Chesterfield,No Shit #Sherlock! Critical is it @Sheheryarbanuri? Really? You should be on #SAGE.... https://t.co/cV2ydUCjha,[]
318,1243289362839764994,Thu Mar 26 21:30:57 +0000 2020,"Paris, France",I knew there was something up. Never in all my years of contacting academics have I had a PR person come back to me and stonewall https://t.co/cF3NH0LA92,[]
321,1238325178364334080,Fri Mar 13 04:45:04 +0000 2020,South Africa,True https://t.co/ONBUnPYygY,[]
325,1240379433095176194,Wed Mar 18 20:47:56 +0000 2020,"South West, England","I think my biggest issue about the competencies of both the ‚ÄúBehavioural unit‚Äù and Cummings‚Äô Super-forecasters is why did they think that v.restricted testing would induce confidence and compliance in a population faced with something pretty scary.

I recognise capacity = issue https://t.co/6hxSqcEdaT",[]
331,1246711430696636416,Sun Apr 05 08:09:02 +0000 2020,Munich,"Dug up this gem from January. This is why you should have smart people, not IYIs in your administration. https://t.co/8cjXAG2OGi",[]
332,1242196190030069761,Mon Mar 23 21:07:05 +0000 2020,"Cardiff, Wales ",And advice is not the same as instruction. As PM has found sometimes ‚Äòadvice‚Äô falls on deaf ears. https://t.co/HXh9iPTrQs,[]
334,1266319898281680896,Fri May 29 10:46:05 +0000 2020,Alba,She‚Äôll no be asked on again! https://t.co/eGSH70NJs8,[]
342,1255592491421745155,Wed Apr 29 20:19:12 +0000 2020,"Eastbourne, England",I believe Jacinda Ardern and her government offer a real time good example of what the BPS is suggesting through this guidance https://t.co/nhlIgyYy39,[]
353,1258374538435362816,Thu May 07 12:34:04 +0000 2020,Kenya,".@AMWIK This may be of interest. 
#scicomm https://t.co/mRQC6IDotz",[]
355,1235307711883030528,Wed Mar 04 20:54:44 +0000 2020,"London, England",Good advice https://t.co/wWheehzARA,[]
362,1238102547086413825,Thu Mar 12 14:00:24 +0000 2020,,@MackayIM  Is this guy barking mad?? https://t.co/9GVHK2Tn7s,[]
377,1237850641684246530,Wed Mar 11 21:19:25 +0000 2020,"Helsinki, Finland","That's what I love about humanity: in times of  a crisis spreading not only panic, but creativity and hope. And fun!
Great initiative from @neoncloth, #WashYourLyrics üé∂üôå https://t.co/woOahTIrcB https://t.co/ESt6ryZAo1",[]
381,1238218901219168257,Thu Mar 12 21:42:45 +0000 2020,"Birmingham, England",So...when do we come out of our 'cocoon'? When there's a vaccine? When work refuses to pay us because we aren't sick? When you realise venerable groups are important members of society who can't just lock themselves away? #studentnurse #CONVID19 https://t.co/BkBCxAmDxp,[]
406,1268341081688727553,Thu Jun 04 00:37:33 +0000 2020,"Toronto, Ontario",Here is the opportunity that we as health researchers have always asked for.  Take the opportunity now. https://t.co/nO3YU3DZNl,[]
424,1257688451442450434,Tue May 05 15:07:48 +0000 2020,"Manchester, England",Will this be available afterwards @BPSOfficial @psychmag our students keen to join but say it‚Äôs fully subscribed https://t.co/6pgkOSSMRe,[]
431,1243251773357375489,Thu Mar 26 19:01:35 +0000 2020,"London, England",Is there no depth to how low Johnson &amp; Co will go https://t.co/ISyQkGZvpO,[]
433,1240940060498972672,Fri Mar 20 09:55:40 +0000 2020,,"Great to see your work spreading so widely! Clear, informative and extremely relevant. https://t.co/Ps9FhPYNgq",[]
445,1253815261423165445,Fri Apr 24 22:37:07 +0000 2020,Africa,"Awareness and insight is everything, get the needed guidances today from this latest article üëá https://t.co/SZhWV5Hdr4",[]
448,1267960291729473537,Tue Jun 02 23:24:25 +0000 2020,Suffolk UK,Why hasn‚Äôt @BorisJohnson worked with @Keir_Starmer as he said he would? A collaborative approach which works towards solving our national crisis is an opportunity missed. https://t.co/RhWR9G0Hai,[]
450,1240949426488819713,Fri Mar 20 10:32:53 +0000 2020,Hertfordshire,Really helpful and balanced podcast about self isolating @UH_HSK https://t.co/DEEz7ZnI1m,[]
456,1250093177534664705,Tue Apr 14 16:06:53 +0000 2020,Rwanda,Thanks to Plan International Rwanda for joining Gov.efforts. https://t.co/DpVB2YVvzf,[]
464,1266138926407966721,Thu May 28 22:46:58 +0000 2020,SCOTLAND,"It was just perfect when she actually went of the script to ""take the opportunity to say how impressed"" , he is like wheres the mute button üòÇ
So I will take the opportunity to share this . https://t.co/O5Em6bMmG2 https://t.co/cE44Vqg4d5",[]
468,1241653369392988160,Sun Mar 22 09:10:06 +0000 2020,,The toffs in charge are not listening to the scientists. https://t.co/sg91btnlty,[]
469,1243517500282884098,Fri Mar 27 12:37:30 +0000 2020,Loneliness and Social Isolatio,"1) ask for support and feedback from family, friends and colleagues, 2) if you are doing less of things you enjoy, try to find enjoyable alternatives. @bmj_latest https://t.co/0BH1CgaaPe",[]
483,1240990909057155074,Fri Mar 20 13:17:43 +0000 2020,London,Yes! @cloverhogan flags up how problematic the language of #socialdistancing is + suggests instead should be replaced by #PhysicalDistancing - definitely feel that now is the time instead for reconnecting +strengthening our networks even if that must be remote. Thnks @tedxlondon https://t.co/qvmYi44UNC,[]
488,1251110925072953346,Fri Apr 17 11:31:03 +0000 2020,"Melbourne, Victoria","Yes, no magic bullets, only people working collectively. https://t.co/g3Sv6TWGSF",[]
492,1258419076176719872,Thu May 07 15:31:02 +0000 2020,,"Very exciting to see the terrific work being done by @UN_Innovation, and the general work being done at the UN with the use of behavioral insights - lives are being saved. https://t.co/KvnCNouz1C",[]
499,1242492679679660032,Tue Mar 24 16:45:13 +0000 2020,"Stanford, CA",Honored to have contributed to this piece submitted to Nature Human Behavior. Checkout the preprint below. https://t.co/WQUht3U9Qx,[]
501,1247453136249335810,Tue Apr 07 09:16:18 +0000 2020,Brighton,This online now! üëá https://t.co/aalRkVHIxv,[]
505,1240200701919350784,Wed Mar 18 08:57:43 +0000 2020,"Belfast, Dublin & Cork",üëç‚úä‚úäü§ùthanks for all your work https://t.co/cFj9xRaTzG,[]
524,1257293889406468097,Mon May 04 12:59:57 +0000 2020,Views my own,Free webinar tomorrow https://t.co/Dci6n5zMZq,[]
530,1240372283052560386,Wed Mar 18 20:19:31 +0000 2020,"Mayo, Ireland",Worth a read so we can all #FlattenTheCurve https://t.co/5gxUBQdAoA,[]
531,1245086667859464193,Tue Mar 31 20:32:48 +0000 2020,"New Forest, England","Sadly true for the majority of Posties. Taking too long for reports of these poor conditions to surface into the media. We don't just lack PPE, most delivery offices don't have enough space to implement 2m rule. CV19 will kill posties if these issues are not dealt with by RM https://t.co/QveeSCX844",[]
538,1238334869542854656,Fri Mar 13 05:23:34 +0000 2020,Australia,A comprehensive statement and media release from the @AASM_Aus on #Convid_19. Worth a read. https://t.co/j2qAfcnZoA,[]
540,1260361326582353924,Wed May 13 00:08:51 +0000 2020,Sedona,@NicoleSGrigg @azfamily @WaPoSean @maggieNYT Just asking.... https://t.co/VTZdULVmtp,[]
545,1241292123628097536,Sat Mar 21 09:14:39 +0000 2020,London,@carolecadwalla we are basically being led by political scientists this is very disingenuous from our prime minister to say our response is being led by scientists because people assume that means ‚Äòmedical‚Äô science! https://t.co/aTsaGCvLFo,[]
546,1261337601707069441,Fri May 15 16:48:13 +0000 2020,Cape Town SA,Great article - well done! https://t.co/qwb5VU34vy,[]
547,1259431485754540032,Sun May 10 10:33:59 +0000 2020,"Maryport, England",They are being flouted now you clown https://t.co/V1eEm9Ocga,[]
552,1257709424887705602,Tue May 05 16:31:08 +0000 2020,,So very true! https://t.co/l9WL6k7ZSD,[]
556,1242590759867617281,Tue Mar 24 23:14:58 +0000 2020,"Oslo, Norge","Haven't read yet, but this looks fascinating https://t.co/LqPUne3oK3",[]
557,1243837569512673281,Sat Mar 28 09:49:20 +0000 2020,,oya dance.. stay safe people https://t.co/ffDUDA4yym,[]
560,1256004649531957248,Thu Apr 30 23:36:58 +0000 2020,"Northern Ireland, United Kingdom",Change is needed. Essential workers graft -never recognised. Some non medics extend their education &amp; get titled Dr ü§î This is a dangerous ideology üëâhttps://t.co/491MjmS48R  @doctor_oxford @DrSimonLennane @roundaboutdave @drjawalsh @EmergMedDr @bopanc @StefSimanowitz @mrjamesob,[]
568,1262419207205138438,Mon May 18 16:26:08 +0000 2020,,"Fascinating, and actually based on data (which is never a surprise from @dectechconsult, but makes a change from many other articles out there!) https://t.co/d8mWqOfFFm",[]
572,1257620093518991360,Tue May 05 10:36:10 +0000 2020,"Gurgaon, India","This is great initiative @amitabhk87 Sir under your leadership and guidance support to people who need most in these times 
@NITIAayog https://t.co/bhizU5DhvT",[]
573,1244372705866022915,Sun Mar 29 21:15:47 +0000 2020,uk,Corruption! https://t.co/60XeMiBOoo,[]
581,1243654913445564416,Fri Mar 27 21:43:32 +0000 2020,"East Lothian, scotland","I‚Äôm glad this got written. It‚Äôs interest hoe powerful the influences are they permit/refuse publication, even I‚Äôm a ‚Äúscientific environment ‚Äú? https://t.co/XgR7ajBsFs",[]
598,1238199993569329159,Thu Mar 12 20:27:37 +0000 2020,The North ,He‚Äôs as much a scientist as I am... it‚Äôs a disgrace https://t.co/c8KtLyyrQv,[]
599,1266500580341661697,Fri May 29 22:44:03 +0000 2020,Scotland,"Well done @NicolaSturgeon and the @SNP.  Some (more) well deserved recognition. 

Saor Alba. https://t.co/nArWLaQS8m",[]
615,1238035447420420097,Thu Mar 12 09:33:46 +0000 2020,"Dublin City, Ireland",From a good friend who is working on the front line of this national health issue. Please read and discuss strategies with your families. https://t.co/7jlRQqOO14,[]
626,1245990191615086593,Fri Apr 03 08:23:05 +0000 2020,,Frightening but necessary to read üëá https://t.co/pMvNYymc8u,[]
627,1235190121714135041,Wed Mar 04 13:07:28 +0000 2020,Brighton,Really good points... https://t.co/Ji2af4nk0M,[]
632,1261293788200349696,Fri May 15 13:54:07 +0000 2020,,Time to strengthen community digital communication and engagement platforms in Zimbabwe for the BC programme. @FACTzim @naczim @GNdungwa @zvandiri @WorldVisionZim @zichire @Heifer can preserve many more lives in hard to reach locations through technology. https://t.co/yLI4KepZWD,[]
634,1243252411101319168,Thu Mar 26 19:04:07 +0000 2020,,"I said to a friend that it was probably an exercise to allay our fears! 

Nothing would surprise me anymore.

Interesting, if true. https://t.co/t8BEGoncK7",[]
636,1266289667508334593,Fri May 29 08:45:57 +0000 2020,,Worth a watch (despite being BBC...). https://t.co/luJ2eusVb3,[]
639,1250358375067549696,Wed Apr 15 09:40:41 +0000 2020,Scotland,"As I recall, the gov claimed old people would be bored if we protected them too soon. This was always bullshit. They never had ANY intention of protecting the elderly. The plan was to let them die in care homes all acrosss the country. Which is what is happening. This is a crime. https://t.co/MaMfViyAG7",[]
641,1244913489036161024,Tue Mar 31 09:04:39 +0000 2020,"South East, England","May Have To SELF-ISOLATE!
Health Comes FIRST! https://t.co/Hp2SWeWx8i",[]
652,1242472015157776384,Tue Mar 24 15:23:07 +0000 2020,"Cambridge, MA",Proud to have contributed! https://t.co/BOYhflGX0L,[]
658,1238448972055920643,Fri Mar 13 12:56:58 +0000 2020,,@gregwrightYP unbelievable! https://t.co/EuUlU2SmQM,[]
660,1238155563676114947,Thu Mar 12 17:31:04 +0000 2020,souk,"""Cocoon?""
""Cocoon. Not seen the film? Wilfred Brimley, a 50 year-old, swims with alien  cocoons and ends up looking much older. We will cocoon people"" https://t.co/V7Rxs6TQUW",[]
661,1238362095478960128,Fri Mar 13 07:11:45 +0000 2020,"Wellington, NZ",This guy is a fucking idiot ... Scientist or Scientologist? https://t.co/qjcQLExyDm,[]
670,1248941361426042881,Sat Apr 11 11:49:59 +0000 2020,"Dublin City, Ireland","Interesting article by @cbscarlow past pupil, Shane Timmons. https://t.co/vTR56aIryh",[]
675,1249048539893653504,Sat Apr 11 18:55:52 +0000 2020,"Murrumbeena, Vic., AU","@sophiescott2 there are two Aussies listed as co-authors.  Might be worth an interview, emails are included. https://t.co/GnfxZLtuiD",[]
680,1242820254100848644,Wed Mar 25 14:26:53 +0000 2020,"Altrincham, Cheshire, UK",Some excellent webinars coming up for @ICMIF_Web members. Why now increase your professional development by listening in https://t.co/zUGtezW6KI,[]
686,1266515352500023296,Fri May 29 23:42:45 +0000 2020,Scotland,@NicolaSturgeon ..well done Nicola üëèüëèüëè https://t.co/2JI9Tsmqd3,[]
690,1238038702955409408,Thu Mar 12 09:46:43 +0000 2020,"Glasgow, Scotland",@blueloutter there‚Äôs a good image https://t.co/lPXm2sOuP4,[]
691,1260891810785751041,Thu May 14 11:16:48 +0000 2020,India,"This is the mischief I've been up to @rajcheerfull ... üòâ #HumourTheVirus

Looking for your blessings and support, Raj.

Creative collective for communication to reinforce, amplify and sustain sensible behaviours across India. https://t.co/O84J70KV7t",[]
702,1242586138960953346,Tue Mar 24 22:56:36 +0000 2020,,The scientific community is doing its job! https://t.co/MN4yqXlj96,[]
706,1243489285363453952,Fri Mar 27 10:45:23 +0000 2020,"Edinburgh, Scotland",I hope that you are wrong and that this was just colleagues @LourencoJML @SunetraGupta being overly optimistic and making errors with the maths which normally would be caught with peer review. The PR agency thing is hard to understand. I think they should explain. https://t.co/m4qbB85bWv,[]
717,1250524887703314441,Wed Apr 15 20:42:21 +0000 2020,"Belgrade Lakes ME, Fuquay NC",Well he just confirmed what had been nagging me - I'm 74 with underlying health concerns and now have a lifetime of incarceration to look forward toüôÅ I suppose my challenge is to find a prison I enjoy. Thinking: a trout stream in western MaineüòÉüòÉ https://t.co/IXbTxonOp4,[]
723,1235324644439265289,Wed Mar 04 22:02:01 +0000 2020,"Exeter, England",Infection control for all.... https://t.co/14VL9WFrv1,[]
727,1257409246142107649,Mon May 04 20:38:20 +0000 2020,Independent UK and Europe,What a shame this event is full! https://t.co/KIRDKpCyKY,[]
733,1266285980652204034,Fri May 29 08:31:18 +0000 2020,"Glasgow, UK",#ColonialQuay failing to get the answers it wants. https://t.co/LFVXlVQuRv,[]
737,1266283455651803136,Fri May 29 08:21:16 +0000 2020,Scotland,@A_Gordon_29 I disagree with you. As does this lady who probably knows better than both of us. https://t.co/Kv90znBHq3,[]
746,1260581399834361856,Wed May 13 14:43:20 +0000 2020,Near Earth,"Yes they are, imagine believing them... STILL... https://t.co/JOrIpFmL4Z https://t.co/XIuVLmIwss",[]
751,1248040893380046848,Thu Apr 09 00:11:51 +0000 2020,Hong Kong,Good read https://t.co/nodEjbzLYY,[]
769,1245731853413371911,Thu Apr 02 15:16:33 +0000 2020,"Berlin, Deutschland","In complex times, the main challenge for communications is to keep it simple and to provide clear guidance. Our colleague @owainservice from @finsbury explains how the ‚ÄúBright Lines‚Äù concept from behavioral science can help  #globalpartnership #Heringschuppenerinsights https://t.co/uIppHmxqTP",[]
780,1238100522168614912,Thu Mar 12 13:52:21 +0000 2020,Rural England,"‚ÄúCocoon‚Äù is an... interesting choice of word (Cocoon, 1985 üé•) https://t.co/HFXYNTa9iz https://t.co/U9gIifTUUY",[]
781,1238357081578786819,Fri Mar 13 06:51:50 +0000 2020,London,‚ÄúNobody has the right answer‚Äù we know Newsnight only has the script for propaganda. This is nonsense . All doctors I‚Äôve spoken to say it‚Äôs really risky to go anywhere; gym; pub; football game. Stay at home ffs you utterly complacent f u c k s. Brits really love suffering üòë https://t.co/EIQd5cuoNK,[]
798,1266658223244873728,Sat May 30 09:10:28 +0000 2020,,@DavidMundellDCT @Jackson_Carlaw Common sense. It seems the more power and MONEY you have the less common sense. Well done @NicolaSturgeon  @amshru . How you got back in was even a shock to you David. Now scientist have said measures are not in place for latest PM moves? https://t.co/6HTaC0zZvP,[]
800,1249058716118204417,Sat Apr 11 19:36:18 +0000 2020,"San Francisco, CA",Way to go @jayvanbavel. You continually contribute relevant and useful information. Thank you. https://t.co/sr1jZIXom1,[]
801,1243306168644231169,Thu Mar 26 22:37:44 +0000 2020,"Somerset, England, UK",No real surprise here. https://t.co/k6AyT9V603,[]
825,1242463923715977217,Tue Mar 24 14:50:57 +0000 2020,,"I‚Äôve never been part of (or seen!) a collaboration this large, happening this quickly, with such shared purpose, before this.

I hope we can take the deep cooperative spirit of this moment far into the future.

Thank you @jayvanbavel and @RobbWiller for bringing us together! https://t.co/HEQgoY2KoW",[]
837,1235235324000964614,Wed Mar 04 16:07:05 +0000 2020,York,Raises interesting q's about how to balance reducing 'knowledge-action gap' and protecting against potentially harmful increase in anxiety &amp; related problems... https://t.co/Knn1qdcS9g,[]
839,1251500152671612932,Sat Apr 18 13:17:42 +0000 2020,"Lewes, England & Eastern Finland.","They went with the *behavioural* science which, it turned out, was wildly out of synch. https://t.co/cXNUhUor6Z",[]
857,1257717791983112194,Tue May 05 17:04:23 +0000 2020,"Begusarai, India",Congratulations! We are Part of this campaign https://t.co/ysek35F1FG,[]
867,1243838535095988225,Sat Mar 28 09:53:10 +0000 2020,,If there is any truth to this it is horrific and those responsible should be strung up and quartered. https://t.co/hkNF9zQXKs,[]
872,1248255679804170240,Thu Apr 09 14:25:20 +0000 2020,"Evanston, IL",This paper is now officially *in press* at @NatureHumBehav. Major kudos to @jayvanbavel and @RobbWiller for organizing the team -- and for getting the crucial information into the hands of the policymakers and tech companies that can make such a difference if they act wisely. https://t.co/Opr7EcstHn https://t.co/k8yInDyocF,[]
885,1258124977167118344,Wed May 06 20:02:24 +0000 2020,Mexico,"@the_IDB Posted... 
https://t.co/zaJXgAteCw",[]
890,1246361281000595456,Sat Apr 04 08:57:40 +0000 2020,USA,READ THIS! REAL WORLD RISK MITIGATION! https://t.co/HJnvGOivNC,[]
894,1238033012429926400,Thu Mar 12 09:24:06 +0000 2020,"Peterborough, England",Good to hear balanced comments amongst all the media hysteria https://t.co/D0ATqst8Oh,[]
895,1258795440591343616,Fri May 08 16:26:34 +0000 2020,"Evanston, IL","i love @Himalistan -- it might seem small, but just seeing quality content written by, about, and for south asians makes me feel a little less isolated as a student-journalist in a predominantly white profession. https://t.co/5pQTsyKh7X",[]
901,1241676995722960898,Sun Mar 22 10:43:59 +0000 2020,"Barcelona, Espa√±a","@FernandoQPH el poder de la normas sociales!  ""Public-spirited behaviour is most likely when there is clear and frequent communication, strong group identity, and social disapproval for those who don‚Äôt comply"" https://t.co/fHoKhv8IuJ",[]
903,1268369307349602304,Thu Jun 04 02:29:42 +0000 2020,"Vancouver, Canada",Done ‚úÖ Thank you for the opportunity https://t.co/O1fboBMUCX,[]
907,1254478067671670786,Sun Apr 26 18:30:53 +0000 2020,An ambiguous place name,"Our challenge is confirmation bias: our people believe people not the truth, so it about who tells you the truth rather than th√®e actual truth. This is detrimental when th√®e people of high influence lack science literacy. So maybe if we teach them, we can curb-ameliorate this... https://t.co/xwSS3xpLMG",[]
911,1240530223755649025,Thu Mar 19 06:47:07 +0000 2020,At the Centre of the Earth.,"You hearing this @MinPres
Time to lock down and make people stay home. https://t.co/46wdTUkDAH",[]
918,1247117166891143171,Mon Apr 06 11:01:17 +0000 2020,"Berkshire, UK",Did this interview ever take place? https://t.co/CsCX3db38e,[]
921,1248195786493644801,Thu Apr 09 10:27:20 +0000 2020,"Leicester, UK",Added to our still growing collection at https://t.co/pOE34Vy94e https://t.co/4UOgcAbJPI,[]
929,1235114395576840192,Wed Mar 04 08:06:33 +0000 2020,Planet Earth,It's not ALL bad then - https://t.co/xR8tLTa7fm,[]
931,1238798743694172161,Sat Mar 14 12:06:50 +0000 2020,Hochrisikogebiet,"Insanity! Btw - he's not a doctor, nor an epidemiologist. Danger is coming from the UK. Don't let the herd rule. https://t.co/RzwKnq8TiM",[]
938,1238136890139779073,Thu Mar 12 16:16:52 +0000 2020,,"Now replace ""cocoons"" with ""resettlement camps"" and see what it sounds like. https://t.co/2p2NVWFfyp",[]
941,1247466478720385030,Tue Apr 07 10:09:19 +0000 2020,UK,This üëáüôè https://t.co/nDkKpt3Nrl,[]
946,1238135557206822912,Thu Mar 12 16:11:34 +0000 2020,London,Completely insane - https://t.co/zsgpZJ9EBM,[]
951,1256910525402951680,Sun May 03 11:36:36 +0000 2020,UK,"Don't know who Jon Scott is, but hopefully he's better prepared than I am ;) https://t.co/xTnN7f4jat",[]
957,1260255283173101570,Tue May 12 17:07:28 +0000 2020,"Harrogate, England",Proud to read the work of colleagues flying the flag  for  #healthier and  #happier #communities https://t.co/6kx5o1IsEZ,[]
963,1245722344443830272,Thu Apr 02 14:38:45 +0000 2020,United States,Starting in about 20 minutes. Please join if you can https://t.co/yxi0bUbfJI,[]
964,1237718717930373121,Wed Mar 11 12:35:12 +0000 2020,"London, England","Absolutely 100% knew there would be spurious concerns about ""skiving""  in here https://t.co/fCkET878H7",[]
965,1236201084584103937,Sat Mar 07 08:04:40 +0000 2020,"Twickenham, UK",Another excellent resource .. https://t.co/wonWUt8rKK,[]
991,1238019559493439488,Thu Mar 12 08:30:38 +0000 2020,,Note the differences in symptoms between this and colds/flu. https://t.co/962qwiX8pB,[]
1002,1238460142112460801,Fri Mar 13 13:41:22 +0000 2020,England,"#BorisJohnson is rolling out enough 'cocoons' for all vulnerable people.

The form-fitting cocoons will contain enough supplies to survive for up to 6 months and a free subscription to either TheMailOnline or TheTelegraphOnline so you won't get angry at the wrong people. https://t.co/sSQ9HVed7j",[]
1007,1238391887037370370,Fri Mar 13 09:10:08 +0000 2020,Oxford,"Would love to hear what any public health people think of this? My instinct is it's wildly optimistic to the point of recklessness, but this isn't my area https://t.co/ydQbwbVoVv",[]
1021,1260259948803604485,Tue May 12 17:26:00 +0000 2020,"Cardiff, Wales",The average Trump supporter speaks... https://t.co/GwX2qshwWp,[]
1022,1242488028347547648,Tue Mar 24 16:26:44 +0000 2020,,"Sharing a roll of an excellent thread from a few days ago, sparked by a thoughtful piece from Nassim Taleb @nntaleb https://t.co/5uT4XnsdnQ",[]
1026,1266745143467675649,Sat May 30 14:55:51 +0000 2020,but live in and enjoy Moray,"Seems an excellent objective assessment from a health professional.But Nicola Sturgeon`s clear messaging is BASED on the premise that ""Scotland"" IS a community.The Neocon Tory premise exemplified by eg Jacob RM and Boris is ""there is no such thing as society"" https://t.co/QI7icr9QwG",[]
1044,1243255720700719107,Thu Mar 26 19:17:17 +0000 2020,"Cambridge, Europe",I did notice Boris Johnson's voice go a bit weird when he mentioned Oxford the other day. He sounded really sketchy. If he had been selling a car I'd have walked away https://t.co/G5mnkVRLGR,[]
1048,1240605163565584389,Thu Mar 19 11:44:54 +0000 2020,,Really useful #SelfIsolation advice personally and professionally https://t.co/M7gCL8LM8r,[]
1075,1238275549803487232,Fri Mar 13 01:27:51 +0000 2020,,You‚Äôre not on your own with those worries Clive. When to close schools may be slightly controversial but banning meetings/and large groups is not . Hopefully otger groups more responsible @TheBMA @BMA_NI @BorisJohnson @RishiSunak @RobinSwannMoH @ https://t.co/QRfq9M2wrU,[]
1089,1257544570461700097,Tue May 05 05:36:04 +0000 2020,"Newcastle Upon Tyne, England",Nooooo registration is full üò≠üò≠ https://t.co/tPgYBfdScd,[]
1095,1243791267835904000,Sat Mar 28 06:45:21 +0000 2020,Up on the white veranda,They'll have an Inquiry ‚òπÔ∏è https://t.co/njJ9nwcUUv,[]
1101,1243266010821595136,Thu Mar 26 19:58:10 +0000 2020,London,"One thing that would help people trying to model the # of people infected...

Would be for UK govt to publish results of the ""robust surveillance"" + ""sample testing"" they've apparently been doing for a month now.

https://t.co/XGQRwT1Uke

Or... pollsters?

https://t.co/Z2g3MNbDsX https://t.co/zYiPiFikBL",[]
1111,1262705531300589568,Tue May 19 11:23:53 +0000 2020,Inverclyde and Greenwich,Yet more great advice from our Ed Psych team!!! https://t.co/sYJdetGcQJ,[]
1119,1253997798250422273,Sat Apr 25 10:42:27 +0000 2020,,Surveillance has been a great strength? A good sentence is it? https://t.co/1CkIROin3e,[]
1143,1244911875973951494,Tue Mar 31 08:58:15 +0000 2020,"Weybridge, England",Lord preserve us https://t.co/yhRPJh5X6V,[]
1153,1244971971307278336,Tue Mar 31 12:57:03 +0000 2020,Worcestershire,Yes same for my husband. Gloves have now run out and never had any sanitiser! https://t.co/wKgUG05ASf,[]
1167,1244573970738958344,Mon Mar 30 10:35:32 +0000 2020,"Toronto, Ontario","Interesting webinar coming up featuring @UofT_BEAR s @TheAvniShah, our BI-Org partner and advisor @varungauri and @thefinalmile Ram! @IndiaBEnetwork https://t.co/ZCuvgV3mVS",[]
1205,1266740780078694401,Sat May 30 14:38:31 +0000 2020,,"Brilliant, yet more praise for the direction being taken by FM and in stark contrast to BJ https://t.co/CrJLwRm6oD",[]
1215,1263372701898543104,Thu May 21 07:34:59 +0000 2020,"Lambeth, London","People do gradually stop following lockdown rules, but not for the reasons the Government thought. Interesting contribution from @Sheheryarbanuri @uniofeastanglia https://t.co/kkIEG60pf0",[]
1222,1238414553819611138,Fri Mar 13 10:40:12 +0000 2020,"Aarhus, Denmark","‚ÄúIf we close down all sporting events and we have them played behind closed doors‚Ä¶ people are going to go to pubs and all sit 300 in the warmth where viruses love it.‚Äù

No they're not. They stay at home. W leadership, in a crisis, people act like good citizens. https://t.co/Pj3rvjDhVf",[]
1253,1260273026387652616,Tue May 12 18:17:58 +0000 2020,Earth,"I think you may find this interesting @TheSkotia @GrayInGlasgow we need this kind of analysis in Scotland. If not you, then who? https://t.co/xoG0zml0Mq",[]
1261,1238431825133031430,Fri Mar 13 11:48:50 +0000 2020,"St Andrews, Scotland",Behavioural Physiologist. Not a Scientist. This is pure and utter guesswork with no basis in Virological studies. https://t.co/8w2kcZTOtK,[]
1262,1268844828592406528,Fri Jun 05 09:59:15 +0000 2020,West Sussex,I‚Äôm keen to know the answer to this myself... https://t.co/XRdU03V3H2,[]
1265,1266481304545026048,Fri May 29 21:27:27 +0000 2020,Canada,Really well done - great tech job and international content from @IBTNetwork! https://t.co/GLi5ksydoU,[]
1272,1238102303946821634,Thu Mar 12 13:59:26 +0000 2020,The Universe.,"That theory is not based on any scientific evidence, and the only place where the virus spread has overtaken control measures is Italy and they are struggling to nurse the elderly and running out of capacity of course this guy won‚Äôt be on the virus frontline risking his life. https://t.co/sC6Wl8rSpB",[]
1277,1244939426360328193,Tue Mar 31 10:47:43 +0000 2020,"North West, England",Gloves and now Hand sanitiser has just arrived in our offices but one https://t.co/SLlQufcG0C,[]
1278,1252266262723428352,Mon Apr 20 16:01:57 +0000 2020,"England, United Kingdom",Fantastic to see the BPS taking such swift action to provide this excellent guidance #BPSOfficial #psychsomboards https://t.co/v6cxOdcHBZ,[]
1280,1243342273347293186,Fri Mar 27 01:01:12 +0000 2020,England,"What a tangled web they weave when all they seek to do is 
Avoid responsibility. https://t.co/Vct9YXzA20",[]
1286,1245733111989747738,Thu Apr 02 15:21:33 +0000 2020,"Toronto, Ontario",Fantastic webinar going on now! @TheAvniShah @varungauri @thefinalmile @IndiaBEnetwork https://t.co/ZCuvgV3mVS,[]
1292,1257578696132767745,Tue May 05 07:51:40 +0000 2020,"South East, England",#Gradual is the best way to lift #lockdown #reassurance #anxiety #EconomicTsunami needs managing too. https://t.co/tcrBOecP9H,[]
1295,1248639355658346498,Fri Apr 10 15:49:55 +0000 2020,"Windsor, Ontario Kismayo",Well said. But @hodansomali you are part of the leadership. Please insist on what's best for the masses. Thanks for the service standards you are introducing to our over burdened society and the existing systems of leadership. https://t.co/qanDVkAG1L,[]
1301,1265736107125325824,Wed May 27 20:06:18 +0000 2020,"Galway, Ireland",Well done Molly and team! üëçüëç https://t.co/DOHkS6Dc62,[]
1303,1258304707946217474,Thu May 07 07:56:35 +0000 2020,,worth a listen .@NIHRSPCR https://t.co/C0szRYUotN,[]
1308,1259799908321832961,Mon May 11 10:57:58 +0000 2020,,.@BristolHealthP .@uhbwNHS .@NorthBristolNHS Useful! https://t.co/Ll9dHwTAy3,[]
1315,1257220632942534657,Mon May 04 08:08:51 +0000 2020,WA,"Excellent, evidence based insights into human behavior that should be required reading for risk leaders. https://t.co/RYlGdjWf0R",[]
1317,1238351779647107072,Fri Mar 13 06:30:46 +0000 2020,,Very risky decisions https://t.co/L1oFFOumrT,[]
1322,1235132548734476293,Wed Mar 04 09:18:41 +0000 2020,"London, England",Genuinely such a good read https://t.co/S7ZhGYS0tR,[]
1325,1254767328903991296,Mon Apr 27 13:40:18 +0000 2020,Johannesburg,"We needed added efforts to inform, communicate, persuade and enable people to play their part in protecting themselves. https://t.co/0JOf4tX5jc",[]
1327,1238234168464728071,Thu Mar 12 22:43:25 +0000 2020,UK,sounds more like 1930s philosophy https://t.co/avuzFpbCro,[]
1330,1238957233712619525,Sat Mar 14 22:36:37 +0000 2020,"Durham, NC",Funny you should ask: https://t.co/nL9BeGfMC4 https://t.co/nq2GgtVfUe,[]
1340,1242729947124436992,Wed Mar 25 08:28:02 +0000 2020,"Birmingham, England","It is important that the information you are accessing is helpful, especially during this time. This is a great summary of how information can be biased and the potential impact that can have. Stay informed, stay connected and stay safe! https://t.co/SMynqdJgdR",[]
1341,1248156444710572033,Thu Apr 09 07:51:00 +0000 2020,North o‚Äôthe Border-The Kingdom,Really interesting. https://t.co/kFFeEc7NPs,[]
1345,1238106256033943552,Thu Mar 12 14:15:08 +0000 2020,SW,Bit stressed I‚Äôm gonna get forcibly cocooned #freehorton #pray4helena #wheezy https://t.co/L3vuszLqE0,[]
1352,1244945239980355585,Tue Mar 31 11:10:49 +0000 2020,England ,"Had to give my dad a shit load of gloves, royal mail are doing nothing to protect their staff https://t.co/SnOGvvGgia",[]
1361,1244924153838415873,Tue Mar 31 09:47:02 +0000 2020,,Hoping all employers of key workers are doing this for their staff... https://t.co/KjNHkowDQE,[]
1365,1244902060908253184,Tue Mar 31 08:19:15 +0000 2020,sheffield wednesday ,Should we just ask trump to threaten China with nuking em so they give us antidote then we all go battle cruiser https://t.co/HSzFHbCMRo,[]
1367,1238402281181188096,Fri Mar 13 09:51:26 +0000 2020,"Dublin City, Ireland",@DermotLeary On with Clem now to discuss @nbru call for Social distancing on Public Transport https://t.co/HohhB19LIT,[]
1369,1235677452493615115,Thu Mar 05 21:23:57 +0000 2020,UK,On my way to #Newsnight to cover similar ground ... https://t.co/xm9mLaEWIv,[]
1376,1259892875795496960,Mon May 11 17:07:23 +0000 2020,,Interesting in the current context... https://t.co/Mo8z0SX8yh,[]
1388,1262671394405580800,Tue May 19 09:08:14 +0000 2020,"London, England",Our new article! @uclchemeng #lca #lifecycleassessment https://t.co/t0POMwMutw,[]
1402,1260988318558367746,Thu May 14 17:40:17 +0000 2020,India ,Interesting ideaüí°Love your spirit  @sunilmalhotra üëç https://t.co/A1JHocFr9b,[]
1405,1243238103063629824,Thu Mar 26 18:07:16 +0000 2020,"Manchester, England","It was promoted to the press by a PR agency with ties to the Government, raising questions about how and why this model was published and disseminated at this time. https://t.co/nhgQaxWN8N",[]
1437,1243258014557233152,Thu Mar 26 19:26:23 +0000 2020,,What a surprise. And what an even bigger surprise that it was widely  uncritically acclaimed. https://t.co/yVJqxpjN3F,[]
1443,1259434964694839297,Sun May 10 10:47:49 +0000 2020,United Kingdom,They are already! Sainsbury‚Äôs today is rammed like any other Sunday! Can‚Äôt all be essential!! https://t.co/UBimqbqORo,[]
1452,1262324218387202048,Mon May 18 10:08:41 +0000 2020,,"As the state withdraws from a lockdown, how do we transition to safety through social norms? Social norms can mean an efficient crowdsourcing of monitoring, but how do we avoid vigilante justice, and discrimination? @vishplus @phaldea @JohnsHopkinsCCP @Sanna_B_P @CBicchieri https://t.co/fqqoxfQjvT",[]
1458,1257546715680223235,Tue May 05 05:44:35 +0000 2020,New delhi,An NGO DADI DADA FOUNDATION is doing lot of works on the old and senior citizens. This organisation may be included in this novel work. https://t.co/fFd5pFKnyU,[]
1459,1251576137811189762,Sat Apr 18 18:19:39 +0000 2020,,"Randy Newman on 'Political Science':
No one likes us
I don't know why
We may not be perfect
But heaven knows we try
But all around
Even our old friends put us down
Let's drop the big one
And see what happens https://t.co/nVPRCQUWTF",[]
1460,1266270057828454402,Fri May 29 07:28:02 +0000 2020,"Edinburgh, Scotland",Unionist heads gonna explode !!! https://t.co/g4pkDUoEiO,[]
1463,1238429611454849029,Fri Mar 13 11:40:02 +0000 2020,"Cambridge, England","Where is his research!?
What are his qualifications?
Mr Easton
Did you ask these questions?
He is NOT a scientist!?
Is he advising government as one!?
May as well ask Farage to give his views!?
Ooops @bbc have done!!?
What a mess!!? https://t.co/fuWmCUpUdn",[]
1465,1251567117041885185,Sat Apr 18 17:43:48 +0000 2020,UK,Thanks @LawtonRebecca. Longer paper in NatHumBeh hopefully coming out soon. https://t.co/PjAk1DuZE6,[]
1470,1266776302259965952,Sat May 30 16:59:40 +0000 2020,Cambridgeshire England,Diet weight foods exercise family structure https://t.co/Ks41AEFvpA,[]
1475,1238768043326668800,Sat Mar 14 10:04:51 +0000 2020,they,"This guys PHD is in politics, and he is not a doctor of any kind of physical or natural science. https://t.co/FW9aGHDAdS",[]
1489,1261217742222434305,Fri May 15 08:51:56 +0000 2020,,How do we respond and what do we build? Look forward to #charcha2020 to look at issues that need attention now and going forward @bbcmaIND @YMacPherson @beccacole https://t.co/wOLfCIsyDF,[]
1503,1245391807778873346,Wed Apr 01 16:45:19 +0000 2020,,It is even sad that the parading is on again at @citizentvkenya tonight. What is being achieved here when we have done little testing? https://t.co/h21mPEw6tD,[]
1505,1260114983914016769,Tue May 12 07:49:58 +0000 2020,Quiddity,"The charge that UK Column will make against the UK Conservative Government today
""UK Govt are maliciously manipulating public fear and behaviour to get through its political agenda"" https://t.co/cLLDllH5r5",[]
1506,1238421399104036865,Fri Mar 13 11:07:24 +0000 2020,Europe (Dublin/Belfast/Munich),"I agree with this. The UK approach is brave but rogue.

Probably within a month we will know whether the gamble paid off. https://t.co/X22R0ZWXug",[]
1522,1254647910429589504,Mon Apr 27 05:45:46 +0000 2020,"Is√®re, Rh√¥ne-Alpes, France","""some (not all) members of the discipline have a tendency to overclaim and overgeneralise, based on small studies carried out in a very different context""... https://t.co/iFK3NYfIL8",[]
1538,1249974460586786816,Tue Apr 14 08:15:09 +0000 2020,,history will tell us..... https://t.co/OZRReDjsnj,[]
1544,1257667372246134784,Tue May 05 13:44:02 +0000 2020,,V. Good initiative. https://t.co/SPynOcUZJa,[]
1548,1238108075749519360,Thu Mar 12 14:22:22 +0000 2020,,Looks as if we might be part of an experiment https://t.co/tjtuDzodtP,[]
1554,1238156405967851526,Thu Mar 12 17:34:25 +0000 2020,"Bretagne, France","Not much point in cocooning vulnerable individuals if family members who live with them  are still circulating, going to school or work, mixing with infected people. There need to be far more stringent measures, in public &amp; at work, shops, transport etc. https://t.co/xVJjGvGa3Y",[]
1555,1248641709216600064,Fri Apr 10 15:59:16 +0000 2020,LA and Minneapolis,Let's use the collective wisdom of these scholars! @AcademicChatter @AcademicTwitter https://t.co/2150MZiDww,[]
1573,1238016500994318341,Thu Mar 12 08:18:29 +0000 2020,Dublin Ireland,From a Doctor at the frontline. https://t.co/W2qobCjKY4,[]
1576,1238602850114166785,Fri Mar 13 23:08:26 +0000 2020,Wiltshire,This https://t.co/eDTresAS2o,[]
1583,1266999966771351552,Sun May 31 07:48:26 +0000 2020,,"@CNBCTV18News Posted... 
https://t.co/INvtSZcAYw",[]
1592,1245464734079619073,Wed Apr 01 21:35:06 +0000 2020,"Cambridge, England",THIS!! Maybe now decision makers will finally get it? https://t.co/8cHvytkQyV,[]
1594,1257658457597128704,Tue May 05 13:08:37 +0000 2020,Wessex Branch,A recording of this (super!) interesting webinar will be available to anyone who cannot make it this afternoon. Great to see psychological theory in action üí™ https://t.co/AySB274JVo,[]
1596,1250351840580890628,Wed Apr 15 09:14:43 +0000 2020,Brunel University,"It should also be key to the public inquiry. This is exactly the kind of expert that Cummings would favour over other experts, such as doctors. https://t.co/OEFypBLymV",[]
1602,1262694180754776067,Tue May 19 10:38:47 +0000 2020,London,Well that went really well https://t.co/BkVaHnqq2d,[]
1603,1239152176804618240,Sun Mar 15 11:31:15 +0000 2020,"Reidville, SC","For those who like a visual of things, this is a great article. https://t.co/PAP1i7OTUE",[]
1609,1247814351567949824,Wed Apr 08 09:11:39 +0000 2020,Rwanda,This office has been abused during the 4years this character has occupied the function of #EAC SG...not only his balance sheet went cuckoo but he never even had the diplomacy to express any message of solidarity at time of global Commemoration of the #Genocide against the #Tutsi https://t.co/vjex8XqbIb,[]
1622,1238522629239209984,Fri Mar 13 17:49:40 +0000 2020,Somerset,"I agree, the UK has got is badly wrong. We should #ClosetheSchoolsuk and go for small-group child care. 

At least allow parents to keep their children home if they choose to, fgs. https://t.co/Va3iqsiHB3",[]
1624,1238416380296298500,Fri Mar 13 10:47:28 +0000 2020,London,"so when this is all over, we're gonna be beautiful butterflies?! https://t.co/dDjHwBKGKX",[]
1626,1238489077751709696,Fri Mar 13 15:36:20 +0000 2020,,How can you possibly cocoon people by not testing the people looking after them. Who are some of most vulnerable people in employment... answer on back of a stamp https://t.co/v6e7WyZgJq,[]
1637,1243483112866295809,Fri Mar 27 10:20:51 +0000 2020,Scotland,We‚Äôre being played. Herd strategy has not changed. Tinkering round the edges now after February was pissed away. https://t.co/Hwr02jJ070,[]
1644,1240021915802181635,Tue Mar 17 21:07:17 +0000 2020,European Union,"Interesting theory. However, ""Never attribute to malice¬†that which is adequately explained by¬†stupidity"" https://t.co/8JLKKwkHwI",[]
1655,1238186513101283329,Thu Mar 12 19:34:03 +0000 2020,"Westminster, CO",‚ÄòCocoon‚Äô vulnerable groups. That‚Äôs rural for incarcerate. https://t.co/tt2pMLAlYv,[]
1656,1266403059468513281,Fri May 29 16:16:32 +0000 2020,,@NicolaSturgeon Thank You üëèüè¥Û†ÅßÛ†Å¢Û†Å≥Û†Å£Û†Å¥Û†Åø https://t.co/yJUjh4zzn8,[]
1665,1238414872402165760,Fri Mar 13 10:41:28 +0000 2020,Sweden / Nigeria / Malawi / UK,"Right, so instead of test, isolate, contract trace, while implementing some social-distancing (policies which seem to be working elsewhere), the plan is to ask all ""vulnerable people"" to go into an undefined period of hiding until everyone else finishes being sick. https://t.co/Zg8o0x5wfF",[]
1672,1238023240901103617,Thu Mar 12 08:45:16 +0000 2020,Soul Society,Yess especially footy please like right now https://t.co/h1aRBx5vgc,[]
1699,1238409002767319040,Fri Mar 13 10:18:09 +0000 2020,"Nowhere, (citizen of).",Clingfilm? https://t.co/RoRlUIFRa3,[]
1704,1238132229961850881,Thu Mar 12 15:58:21 +0000 2020,London and Paris,"Cocoon ? What, like wrap up, swaddle, hang upside down and wait to be reborn with wings? 

Cut the bollocks and start taking some sensible measures like other countries. https://t.co/NLgDp9jhvc",[]
1707,1261256731817959424,Fri May 15 11:26:52 +0000 2020,,"Rethinking platforms, scale, partnerships and networks - the only way forward @BMGFIndia @archnavyas @C4D_Network @CSBC_AshokaUniv https://t.co/wOLfCIK9vd",[]
1709,1261103148636217344,Fri May 15 01:16:35 +0000 2020,,The TRAs?ü§îü§îü§î https://t.co/tLQxbNexnX,[]
1712,1241344183538814976,Sat Mar 21 12:41:31 +0000 2020,Malaysia!!!,"Campaign... Ask all celebrities, politicians n instafamous...tell people dont be afraid if you have symptoms.. do screening test..before its to late.. keep hygiene...stayathome .. keep posting what we can do if we stay at home... https://t.co/tmbO7629nl",[]
1716,1238254746819059715,Fri Mar 13 00:05:11 +0000 2020,"Glasgow, Scotland","Broadcast them free to air, then anyone can watch them at home. https://t.co/BbDwyZwmD2",[]
1744,1238832391067774977,Sat Mar 14 14:20:33 +0000 2020,"Queens, NY",pure science fiction https://t.co/iAQNzhtmbq,[]
1753,1250725017320644610,Thu Apr 16 09:57:36 +0000 2020,"London, England",Highly recommended üôå https://t.co/Vh1AyayGS1,[]
1757,1239473139798720514,Mon Mar 16 08:46:39 +0000 2020,"Dublin, Ireland",Great thread by @ESRIDublin https://t.co/UJPeSH5e8F,[]
1760,1257705833972072457,Tue May 05 16:16:52 +0000 2020,Whittington ,"So true, excellent discussion https://t.co/KVGESXfYq6",[]
1767,1243834952929681408,Sat Mar 28 09:38:56 +0000 2020,Lagos,See groove. Oya wash ur hands o https://t.co/uGTOO3eT6R,[]
1774,1235095007565991937,Wed Mar 04 06:49:31 +0000 2020,Greater Vancouver,So we're f'ed then. https://t.co/OyrywwZs5R,[]
1782,1262693995811147776,Tue May 19 10:38:02 +0000 2020,,‚ÄòCocooning‚Äô https://t.co/UAKvzlmj2d,[]
1793,1266829575138545666,Sat May 30 20:31:21 +0000 2020,Perthshire,Well done Scotland and @NicolaSturgeon üëèüëèüëè https://t.co/Gi774RrWBb,[]
1802,1250704295814500353,Thu Apr 16 08:35:15 +0000 2020,"Vancouver, British Columbia","""An inflated belief in national greatness (i.e., ‚Äúcollective narcissism‚Äù) can be maladaptive in a number of ways. For instance, it is associated with a greater focus on defending the image of the country, rather than on caring for its citizens."" Looking at you... world! https://t.co/wlvD8xZqxm",[]
1804,1242822411550167046,Wed Mar 25 14:35:28 +0000 2020,,"This is an astonishing and fantastic work-- has anyone done something similar yet for children, education, parenting, and development? @KathyandRo1? @SRCDtweets? It would be a great resource for parents and teachers if one was put together. Science based recommendations. https://t.co/2ZgXczW3kf",[]
1805,1248627349953765381,Fri Apr 10 15:02:13 +0000 2020,Somalia,I couldn't agree with you more @hodansomali https://t.co/8eqVJeJvVM,[]
1816,1262695370611724299,Tue May 19 10:43:30 +0000 2020,"Islington North, London",never let them forget this. https://t.co/opXpBAxQl0,[]
1822,1238041798418759681,Thu Mar 12 09:59:01 +0000 2020,,This üëá https://t.co/z3pXjLmFGx,[]
1832,1261243365489807363,Fri May 15 10:33:45 +0000 2020,"Hamburg, Germany","The rainbow has always been a sign of hope and a renewed bond between God and his people.

What an abuse of such a mythological symbol.

Or is this part of the eye watching us from now on ? https://t.co/l4GmO9HpHT",[]
1836,1238391066610540547,Fri Mar 13 09:06:53 +0000 2020,London,Not quite sure why twitter has decided that some experts are not the experts they want. https://t.co/fqJYLyvSH8,[]
1859,1238168360925437952,Thu Mar 12 18:21:55 +0000 2020,"Great Malvern, England",Surely the flaw is that many at risk elderly people don't live independently. Are carers or those who work in care homes - and their families - going to be part of the 'cocoon'? https://t.co/fIC0z58qkc,[]
1863,1248623187396444166,Fri Apr 10 14:45:40 +0000 2020,"Hangzhou, China","Good messaging simply wont cut it.

The gov‚Äôs reluctance to communicate with people clearly may be the biggest hindrance to response efforts in üá∏üá¥

Ineffective communications exacerbate widespread ignorance and disregard of containment efforts.

Leadership must show up &amp;speak up! https://t.co/vKLoWvf7Om",[]
1867,1247095966517334019,Mon Apr 06 09:37:02 +0000 2020,"Birmingham, England","So every human who has been ""cocooning"" should turn into a butterfly after this ü¶ã #TheScienceHasChanged https://t.co/T542d4LrR4",[]
1873,1270121074823516165,Mon Jun 08 22:30:36 +0000 2020,"Ecosse, Europe.","Trust. Yup. That's what it boils down to. #TrustNicola
#ThankYouJeanneFreeman https://t.co/aIDRsg07tN",[]
1882,1238110874776240128,Thu Mar 12 14:33:30 +0000 2020,London,"In sum:

If you're old and/or immunocompromised, stay away from everyone for a while. 

If you're young and healthy, do your civic duty and get yourself immunised but stay away from the vulnerable while you're doing it. https://t.co/Hx00B6uhP4",[]
1889,1263065358698795016,Wed May 20 11:13:42 +0000 2020,"Leicester, UK",Our 'top tweet' of May so far‚Ä¶ great that thousands have now watched the video of this webinar‚Ä¶ https://t.co/ETpb0imQCu,[]
1892,1238093442158338048,Thu Mar 12 13:24:13 +0000 2020,"London, England",It sounds like this the government has accepted the idea of widespread spread and transmission. And it's plan is ask the vulnerable to quarantine and let the virus circulate among everyone else. #CobraMeeting https://t.co/CfKQwT4yEK,[]
1897,1238837754424971272,Sat Mar 14 14:41:51 +0000 2020,,Any news on these cocoons? What are the government doing to protect the elderly and at-risk whilst the rest of the country become human guinea pigs? Or is it just total bullshit? https://t.co/HumBcYn0cn,[]
1898,1256194443566362625,Fri May 01 12:11:08 +0000 2020,"London, England","We know what #epidemiology tools work, #test, #trace and #distance. #facemasks may have some role but we must ensure the full range of potential harms are considered. Some of these include; behavioural, environmental (production &amp; waste), equity of access and potential for stigma https://t.co/Xdcn91dLIg",[]
1902,1266873685367021568,Sat May 30 23:26:38 +0000 2020,"Liverpool, UK  0151 421 1234","This is another Dom,  @BWDDPH  you can trust this Dom. He is an expert and he cares. Listen to this Dom. https://t.co/eQlifSveFW",[]
1904,1256194576030851078,Fri May 01 12:11:40 +0000 2020,London,This is a preprint for comment. All views and corrections gratefully received. https://t.co/mZuxm4fxKl,[]
1921,1260286548211269636,Tue May 12 19:11:42 +0000 2020,,Thanks for highlighting this @vdignum https://t.co/9jr9ZsMapG,[]
1923,1238020901314211840,Thu Mar 12 08:35:58 +0000 2020,"North West, England",Need to adapt to survive! https://t.co/77vxgOZHFV,[]
1924,1266567524692484097,Sat May 30 03:10:04 +0000 2020,"Motherwell, Scotland",Westminster will hate this.  Yet again they're be shamed. https://t.co/f21LdOfyv9,[]
1946,1238418372632760321,Fri Mar 13 10:55:23 +0000 2020,Sussex,‚ÄòSuch a parcel of rogues in a Nation‚Äô https://t.co/y7pozevz2y,[]
1948,1238230934731853825,Thu Mar 12 22:30:34 +0000 2020,"Ormskirk, England","Enter stage right:  Govt Witch Doctor
#jeremycorbyn @UKLabour  #bbcnews #guardian #c4news #bbcpm    @Conservatives #skynews  #mail #mirror #telegraph #express  #skypapers #bbcwato  #marr #peston #ridge #newsnight #ITN #PoliticsLive #LBC #bbcr4today https://t.co/55Hs2e3dlv",[]
1972,1257694482230923265,Tue May 05 15:31:46 +0000 2020,Washington D.C.,This is so much better than a happy meal! https://t.co/mImdzWaQBT,[]
1973,1241549101298143233,Sun Mar 22 02:15:47 +0000 2020,,"""It‚Äôs easy to say ‚ÄòOh these people are stubborn, they‚Äôre so selfish‚Äô""
""Fear is the motivating factor for all of us. The fear of not having enough food, fear of not being close to families, fear of not having a job or a business that will survive. These are real fears."" https://t.co/zxMfAKmpLO",[]
1974,1251843681985925121,Sun Apr 19 12:02:46 +0000 2020,Cheshire UK,Don't suffer alone. Seek support https://t.co/aKwQvEF0Fa,[]
1979,1238182641893027841,Thu Mar 12 19:18:40 +0000 2020,,This is abuse of the word Dr because in this context it suggests he is a Dr of medicine. He is NOT. He has a PhD in social and political sciences! So he is a SPIN DOCTOR. https://t.co/lGapC7t4YI,[]
1985,1257608309143556096,Tue May 05 09:49:20 +0000 2020," New Delhi, India",Excellent initiative: kudos to @PiramalFdn and Ajay Piramal. @sikka_harinder https://t.co/YnRY6F6IOO,[]
1986,1244068527553855494,Sun Mar 29 01:07:05 +0000 2020,Alphen aan den Rijn,"He did not screw you over , you wanted this.. so have it. 

Your fantastic country out of our EU has now officially gone to the dogs, wasted to the mediocre happy few.

Congrats with Brexit .. what a waste and what a shame! https://t.co/ripyLsL8B3",[]
1990,1238253166157840388,Thu Mar 12 23:58:55 +0000 2020,Cardiff,Just postpone matches not end of world https://t.co/kUSBMnJFXY,[]
1997,1235935245364613120,Fri Mar 06 14:28:19 +0000 2020,"Galway, Ireland",Train journey home this evening sorted! https://t.co/viNmTJfo5G,[]
1999,1240901617798578176,Fri Mar 20 07:22:55 +0000 2020,"London, England",Some interesting views from the author of Sapiens https://t.co/uCf3qUK4gr,[]
2004,1247714201033981952,Wed Apr 08 02:33:41 +0000 2020,"Brisbane, Queensland",Interesting findings AND great use of descriptive stats to examine a complicated issue. Well done @BehavWorksAus https://t.co/Y3JAiWlhFb,[]
2005,1266293925502844929,Fri May 29 09:02:53 +0000 2020,Scotland,OOFT....Surprised they didnae cut her video link!! üòú https://t.co/23mirsr95T,[]
2009,1238287114204217344,Fri Mar 13 02:13:48 +0000 2020,"London, England","Has this ever been tried anywhere else in the world? What evidence is there for this approach working? Also, if adherence fatigue is a problem generally (the apparent reason for refusing aggressive social distancing measures), why wouldn't it be amongst the vulnerable groups? https://t.co/2ypQ39pnCZ",[]
2017,1266124781172207616,Thu May 28 21:50:45 +0000 2020,,"Mm perhaps she‚Äôll get on BBC1 with Sarah! Not

Fcuk sake news at 10 Sarah
Run a piece showing Scotland‚Äôs launching test and protect 
Then Sara narrates a piece about the failures or track and trace on the Nike conference!
It‚Äôs a fucking disgrace trying to denigrate the Scots! https://t.co/XquLNOiNVw",[]
2046,1238107450366181377,Thu Mar 12 14:19:53 +0000 2020,London,WTF is he talking about? Locking people up for indefinite periods? https://t.co/z9QJxvtlmA,[]
2053,1238927001358082051,Sat Mar 14 20:36:29 +0000 2020,,@brucemcd23 @ks_1968 think you already saw this earlier cause it was on the Lendowsky(sp?) thread but anyway.. https://t.co/3k2Neb8Dgo,[]
2062,1257718722493419522,Tue May 05 17:08:05 +0000 2020,"New Delhi, India","Salute to thousands of #ApneSathi (#Volunteers), who are spending time and energy to support #SurakshitDadaDadiNanaNaniAbhiyan Virtually! 

Thanks to @amitabhk87
@NITIAayog for working together on this. 

 #ApnoKaDhyaan https://t.co/td3UBpMJxD",[]
2063,1241506157648318464,Sat Mar 21 23:25:08 +0000 2020,,"OMG the only thing this Dr is qualified to do is get us all to follow the other lemmings off the cliff
@BBCMarkEaston is this still gov policy?
 @B_I_Tweets https://t.co/bf6i3A8z66",[]
2067,1238500735047917570,Fri Mar 13 16:22:40 +0000 2020,,"""Cocooning"" is such a reassuring word, but what does it mean? https://t.co/CypnZdWnKg",[]
2068,1257313609039745024,Mon May 04 14:18:18 +0000 2020,,Excellent initiative: kudos to @PiramalFdn and Ajay Piramal. @sikka_harinder https://t.co/CWV7O8XyVu,[]
2074,1257697209413402624,Tue May 05 15:42:36 +0000 2020,"Bihar, India",We Shall Overcome ‚úå‚úå https://t.co/HOgIZlm2Es,[]
2076,1238229506558701576,Thu Mar 12 22:24:54 +0000 2020,London,"How will this ""cocooning"" be implemented or even realise, and what does it even mean? How will the vulnerable be pupated? https://t.co/C09AYW3V0Y",[]
2084,1238095079153242116,Thu Mar 12 13:30:44 +0000 2020,,In a nutshell. https://t.co/IOLHx2rkeo,[]
2089,1260677703079997440,Wed May 13 21:06:01 +0000 2020,UK,"I encourage everyone to read this and look at the quality of the prior evidence/studies that might be guiding policy in this area. I have read it, and I really don‚Äôt see how it has received so much air-time. Only my common-sense opinion, mind. https://t.co/IdGNajZvMq",[]
2090,1238039083961761792,Thu Mar 12 09:48:13 +0000 2020,,Common sense at last...go watch the footy/horse racing/F1. Bugs don't like the cold and fresh air...they like indoors....heating. https://t.co/Oup8CLpuKJ,[]
2099,1243319185394012167,Thu Mar 26 23:29:28 +0000 2020,"Durham, UK",Would you look at that. https://t.co/UKlfBQ5VLr,[]
2100,1238249855522353153,Thu Mar 12 23:45:45 +0000 2020,"Coventry, Wales; Welshpool",The British conundrum https://t.co/S2KECvdKu1,[]
2106,1260561400684064768,Wed May 13 13:23:52 +0000 2020,London,"Thanks for tuning in Cortney, do check out future events at https://t.co/XXpuBmmZs0. https://t.co/XgjKELwZBG",[]
2109,1238231630474547205,Thu Mar 12 22:33:20 +0000 2020,Dublin,"BBC describing this lad as a Science Advisor but that science doesn‚Äôt seem to be in the eh, medical field. https://t.co/ptSm2kzqH4 https://t.co/jX7MfzW7oK",[]
2113,1238528744094040064,Fri Mar 13 18:13:58 +0000 2020,,"@BBCBreaking What are you going to do to explain giving valuable airtime to this ""quack""?@bbclaurak @BBCNews https://t.co/1U2Olxhj6g",[]
2116,1251217368258433026,Fri Apr 17 18:34:01 +0000 2020,"Brussels, Belgium",Proud of my #policylab4EU colleagues!!! üëèüèªüëèüèª‚ù£Ô∏è https://t.co/bp05ZFPt2e,[]
2132,1242726594566905857,Wed Mar 25 08:14:43 +0000 2020,"Dublin City, Ireland","Collaborative and timely paper shows how production, mediation and use of social science can inform, influence and lead behaviour and policy. @TransformUre @PERITIAnews #trustinscience https://t.co/CINIXRT6S9",[]
2144,1238096226266087424,Thu Mar 12 13:35:17 +0000 2020,,Sounds easy. Also sounds risky. https://t.co/NF86CUBhkk,[]
2154,1258287344794337280,Thu May 07 06:47:35 +0000 2020,"Manchester, England",This was really interesting. Give it a listen üôÇ https://t.co/OWAIyJUbgC,[]
2166,1266052833662644226,Thu May 28 17:04:52 +0000 2020,"Whitehorse, YT, Canada",Something to do with your staycation? https://t.co/R3JAc2ICtR,[]
2182,1247317989797416961,Tue Apr 07 00:19:17 +0000 2020,Malaysia,"‚ÄúAppeals to do the right thing are effective, appeals to civic duty are effective. I personally think you want a message which emphasises that everyone has to play a role &amp; it isn‚Äôt going to be fixed by one grand plan.‚Äù

2nd time U‚Äôve heard this, this week. Encourage, don‚Äôt scold https://t.co/ohp5OLvhHJ",[]
2186,1268873769109479427,Fri Jun 05 11:54:15 +0000 2020,,It is time for this. https://t.co/WekYwxhyLN,[]
2196,1266421289377583104,Fri May 29 17:28:59 +0000 2020,"Alba, Europe ",@BBCsarahsmith will be apoplectic... üëá https://t.co/THTODicNcP,[]
2205,1238731965135753216,Sat Mar 14 07:41:29 +0000 2020,"London, UK",You don‚Äôt need to be an expert to know they‚Äôve got it wrong! Their mistakes will have a direct affect on people dying. https://t.co/xvxqJayNmL,[]
2206,1241422195987021832,Sat Mar 21 17:51:30 +0000 2020,,Useful. https://t.co/JrRIVrFhf0,[]
2207,1248165663102980096,Thu Apr 09 08:27:38 +0000 2020,"Reading, England",Saving this here for later üëç https://t.co/ty6rhg1UML,[]
2217,1238189588117688320,Thu Mar 12 19:46:16 +0000 2020,"London, England",The government plan: one big measles party https://t.co/znaoOQUPO9,[]
2220,1238207282858602496,Thu Mar 12 20:56:35 +0000 2020,,"The Thick of It. Season 1, 2005 https://t.co/G6Txtau8kI",[]
2222,1238110580461973507,Thu Mar 12 14:32:20 +0000 2020,,"So we supposed to lock our nans away for a year till this all blows over or what?

What an idiot https://t.co/Z5NTqZbbBs",[]
2227,1238734497581084672,Sat Mar 14 07:51:33 +0000 2020,"North East, England","He was advised by a government epidemiologist!

What do you mean you have no epidemiological statistics! I thought you were a doctor https://t.co/jZfZYUIRpb",[]
2250,1244525825313181696,Mon Mar 30 07:24:13 +0000 2020,"Trondheim, Norway","Spread the word, not the virus. https://t.co/ktMoyNsyaB",[]
2254,1260921057239801856,Thu May 14 13:13:01 +0000 2020,"New Delhi, India",@DAY_NRLM @Roshni_CWCSAInd and @UNICEFIndia together working on ground to revitalize efforts to reach adolescent girls.......we need to talk a little more about these young women in the C-19 story https://t.co/j5cIMA7XeM,[]
2258,1251117072605560833,Fri Apr 17 11:55:29 +0000 2020,"Temecula, CA","Wish I had read this when published, have been trying to articulate its points for weeks. https://t.co/KxtWMWZtyE",[]
2259,1257936768567050240,Wed May 06 07:34:31 +0000 2020,United Kingdom,A Call to Arms-importance of the Environment             https://t.co/ElvJPOMfhM https://t.co/g4sLFFAQgR,[]
2266,1258674437475483648,Fri May 08 08:25:45 +0000 2020,"Nairobi, Kenya",Awesome.. Waiting. https://t.co/PS9j28Egtu,[]
2269,1255331629641465857,Wed Apr 29 03:02:38 +0000 2020,Singapore,Quant survey to follow soon! https://t.co/med8czxMiv,[]
2272,1238253467904376832,Fri Mar 13 00:00:07 +0000 2020,Narnia ü§ó,What the actual fuck https://t.co/ANbKA1ze3t,[]
2275,1238223369696403458,Thu Mar 12 22:00:31 +0000 2020,,Dear Mark a wee tip - if this mob invite you to push a message do some basic research - you‚Äôre being played https://t.co/6dr2CjSOxx,[]
2299,1264303155367628800,Sat May 23 21:12:16 +0000 2020,Pro=UK-EU-Af-Amz-Ind-Ja-AuNzUS,!! Just started !!! https://t.co/EHZ3C54nZt,[]
2301,1243813742216953857,Sat Mar 28 08:14:39 +0000 2020,London,"When I read the original article in @FT I was suspicious, @NafeezAhmed has done much here to confirm my suspicions. @clivecookson &amp; editors/reporters at all outlets should, as a matter of course, tell readers this sort of info. Too much reporting starts with a press release https://t.co/bVyrl84Rmz",[]
2304,1266423526539526145,Fri May 29 17:37:52 +0000 2020,,Jeez don‚Äôt let @Jackson_Carlaw and his boss @RuthDavidsonMSP or worse still @IanMurrayMP see this üëçüè¥Û†ÅßÛ†Å¢Û†Å≥Û†Å£Û†Å¥Û†Åø https://t.co/Ro97epvZeC,[]
2312,1238256244290465792,Fri Mar 13 00:11:08 +0000 2020,,Apparently the UK cannot close pubs https://t.co/AVClZHKPTo,[]
2322,1235729161169203200,Fri Mar 06 00:49:25 +0000 2020,,Jan 26th. So much more could have and should have been done https://t.co/ZqWAEXAEIR,[]
2328,1238097964087808003,Thu Mar 12 13:42:12 +0000 2020,"Athens, Greece","""I'm not an epidemiologist, but I have a PhD in social and political sciences"" https://t.co/BaZ2R5McTd",[]
2332,1243299475965259776,Thu Mar 26 22:11:09 +0000 2020,"England, United Kingdom",No surprise. It's quite apparent the gov haven't truly shifted. They've taken steps to suggest otherwise but the misinformation &amp; mixed messages continue. Those nearly 500 dead is bc of Conservative govt. Don't forget. https://t.co/Wm2OWhwH9J,[]
2338,1243312821280165888,Thu Mar 26 23:04:10 +0000 2020,"Crouch End, Tossa de Mar","Really? 

Oh... https://t.co/EF6mfXteIQ",[]
2343,1254041018887884800,Sat Apr 25 13:34:12 +0000 2020,Base - BLR Work - NE & Kashmir,Someone please tell empowered group 1 that lockdown only delays and slows down transmission. https://t.co/tHPo63fcVi,[]
2349,1237677163891044358,Wed Mar 11 09:50:05 +0000 2020,South London,"Under-appreciated fact that Boris Johnson is a Libertarian, who doesn't want the state to tell people what to do. But its feeding into a general sense of complacency! https://t.co/J7AbI3QMOB",[]
2358,1260115403889672192,Tue May 12 07:51:38 +0000 2020,,1984 Double Speak in 2020 format. https://t.co/3EmuxgjtI8,[]
2360,1250076626454564864,Tue Apr 14 15:01:07 +0000 2020,Kiyovu,Kudos to Plan International Rwanda! https://t.co/vESJdQ08lS,[]
2400,1239921181496672257,Tue Mar 17 14:27:00 +0000 2020,,Get ready to play human board games in supermarkets.  Interesting idea to preserve #SocialDistancing shared by the authors of a new #BeSci book coming out soon which I‚Äôm looking forward to reading. https://t.co/svCjIg9IKA,[]
2406,1237884288571305994,Wed Mar 11 23:33:07 +0000 2020,UK,Well don‚Äôt let others touch your phone! https://t.co/nd89gFJ00y,[]
2420,1237687654692634625,Wed Mar 11 10:31:46 +0000 2020,"Limerick, Ireland","Stop me if I've said this already, but Britain is screwed. So many ways. https://t.co/EWy4uAUnlq",[]
2441,1243463962651430915,Fri Mar 27 09:04:45 +0000 2020,United Kingdom,This govt's decision making is driven by self interest and money. https://t.co/wOOQ7j4H46,[]
2449,1257565292227690496,Tue May 05 06:58:24 +0000 2020,"Brighton, England",Should be a good webinar this afternoon üòÅüëç https://t.co/yhozOcgELU,[]
2451,1262801099519520770,Tue May 19 17:43:38 +0000 2020,"San Francisco, CA","‚ÄúThus, the term ‚Äòsocial distancing‚Äô might imply that one needs to cut off meaningful interactions. A useful alternative term might be ‚Äòphysical distancing‚Äô to help highlight the fact that social connection is possible even when people are physically separated.‚Äù üíõ https://t.co/5Wk73Htc89",[]
2455,1247983223260545024,Wed Apr 08 20:22:41 +0000 2020,,Thanks @jayvanbavel @RobWiller for your amazing leadership on this paper! https://t.co/rajfYQEVZm,[]
2456,1235541242865303553,Thu Mar 05 12:22:42 +0000 2020,"Glasgow, UK",Huge congratulations @KChidziwisano @RossanieM @EawagResearch @StrathCivEng  great to see all that hard work come to fruition. Now to convince the world that food safety and hand washing with soap deserves our attention! üßº üßº https://t.co/QOGR63gjlz,[]
2472,1235968261679915008,Fri Mar 06 16:39:31 +0000 2020,Sheffield,Just listened to this it's short and very good. Set it running whilst you make a cuppa and take a break. https://t.co/CJJQ0m5wWd,[]
2479,1251084496885166082,Fri Apr 17 09:46:02 +0000 2020,,what a perspective... ;-( https://t.co/hrdCe5Zxmv,[]
2482,1261304267412996096,Fri May 15 14:35:45 +0000 2020,,Great resource to help keep the Info in information (and avoid the 'dis') https://t.co/xKDgUPBMpU,[]
2491,1238225760588115969,Thu Mar 12 22:10:01 +0000 2020,London/Abuja,‚ÄúThis is the scientific evidence boris keeps talking about‚Äù https://t.co/1MQbjRQMYa,[]
2499,1243188950115553283,Thu Mar 26 14:51:57 +0000 2020,Van,Interesting to read. Understanding why people react the way they do in times of a crisis. https://t.co/kbOjCUz8hW,[]
2504,1241271465795883009,Sat Mar 21 07:52:33 +0000 2020,"Coventry, UK","Thread on ""going viral"" by a writer @timurkuran who saw our world emerging. Read this thread ‚¨áÔ∏è then the paper https://t.co/xUukqajgOV (open access) -- a long read that hugely influenced me and repaid the effort in gold https://t.co/tgEd3WaQ0W",[]
2510,1255024603732291591,Tue Apr 28 06:42:37 +0000 2020,Norwich. Norfolk. England,You‚Äôre very welcome Ciara - and let‚Äôs keep talking about Asset Based approaches and resilience in our community groups! https://t.co/UK4FhyfPCN,[]
2511,1260106218347155456,Tue May 12 07:15:08 +0000 2020,Wales/ London,"Please read this &amp; watch the video if you can, even just a brief look will explain how we are being manipulated. Share widely. @PaulReadGB @Reprobate24 @BrittRubin1 https://t.co/xSB5mwVBtz",[]
2513,1246468994837745665,Sat Apr 04 16:05:41 +0000 2020,London,"I wish! The absolutely staggering thing is that not only has there not been a single study ever done on this but, given what it could mean in terms of mitigating the gigantic cost to society, it does not seem to be a priority for funding agencies yet https://t.co/AIpjdCyuRb",[]
2518,1238098474278760458,Thu Mar 12 13:44:13 +0000 2020,,Its worth pointing out that this science adviser isn't a medical doctor and is the director of a government unit more focused on how to make benefits sanctions more effective and getting people to insulate their lofts. https://t.co/hg2JmUzyXv,[]
2526,1269663837856378881,Sun Jun 07 16:13:42 +0000 2020,Scotland the Brave,"No recorded deaths yesterday in Scotland. I know that recording over the weekend is lower and come Tuesday , we will have had some but... This is fantastic news. Well done people in Scotland. Keep it up.@ScotGovFM @ScotGovFM @JeaneF1MSP #awesome https://t.co/puJ0EZNAOI",[]
2533,1254409288677756931,Sun Apr 26 13:57:34 +0000 2020,"Atlanta, GA",‚ÄúThe problem with all forms of expertise in public policy is that it is often the most formidable salespeople who claim greater certainty than the evidence allows who are invited to jet around the world advising governments.‚Äù https://t.co/5srOhPYmgL,[]
2538,1238121132282216448,Thu Mar 12 15:14:15 +0000 2020,UK,@excisa - any thoughts on this? https://t.co/vc1WOdU7YN,[]
2552,1248145336088047616,Thu Apr 09 07:06:52 +0000 2020,London,Fantastic effort from @jayvanbavel and others: https://t.co/BNaQZANbJo,[]
2554,1238250602427285514,Thu Mar 12 23:48:43 +0000 2020,London,"Where do supposed ""facts"" like this one come from? It's supposition at best and not very likely given many football crowds number 50,000 or more.... https://t.co/Z8oYHoYMcG",[]
2557,1238196789200793601,Thu Mar 12 20:14:53 +0000 2020,"Wales, United Kingdom","An ""expert"" Gove finds acceptable?ü§îü§Æ https://t.co/Kn8QAG9exb",[]
2562,1269974889802264577,Mon Jun 08 12:49:43 +0000 2020,"Melbourne, Australia",@HealthPsych4U - I enjoyed the @bbchealth article in which you were quoted. Thought you might be interested in this... https://t.co/Ge095rgANq,[]
2565,1238182173242470402,Thu Mar 12 19:16:49 +0000 2020,,@BBCMarkEaston gets played by a @Conservatives paid stooge known for dodgy contracts - AGAIN https://t.co/oyDyROan0o,[]
2567,1241349085057015811,Sat Mar 21 13:00:59 +0000 2020,"Selangor, Malaysia","And this, ladies &amp; gentlemen are why ""useless research"" is useful in times like this. https://t.co/wnxHqzcVZa",[]
2570,1238094779931594752,Thu Mar 12 13:29:32 +0000 2020,London,What the fuck is this shit https://t.co/NB84eHQjY7,[]
2571,1247959543549759490,Wed Apr 08 18:48:35 +0000 2020,"Evanston, IL",Bravo to @JayVanBavel and @RobbWiller for spearheading this chaotic but awesome undertaking. It's been a pleasure to work with so many patient and conscientious scholars. https://t.co/lOOXYAXST3,[]
2586,1251287494274027523,Fri Apr 17 23:12:41 +0000 2020,,Is this why UK not testing now as in Germany - UK wishing to speed up higher % home grown economically active population for commercial advantage? https://t.co/Ndso793uo7,[]
2590,1253698447728918528,Fri Apr 24 14:52:57 +0000 2020,"Pretoria, South Africa",Always overdelivering - the team @byrawpixel have got your design needs covered. ‚≠ê‚≠êüëçüòä https://t.co/tVAEeFH7n6,[]
2592,1260992034044862464,Thu May 14 17:55:03 +0000 2020,THE ABSOLUTE NORTH OF ENGLAND,"Narrator: it didn't work.

I hope this fraud never shows his face in public again. https://t.co/OMcQ3S1gtg",[]
2601,1238373630301614080,Fri Mar 13 07:57:35 +0000 2020,Earth,"Interesting use of ""Dr"". Not medically qualified of course. This is what academic overreach does. Kills people. Put that in your impact case study. https://t.co/G07ESqXzPI",[]
2612,1253761056301821954,Fri Apr 24 19:01:44 +0000 2020,London,For all my public health pals: https://t.co/RphoQBZvxH,[]
2620,1241625496741392384,Sun Mar 22 07:19:21 +0000 2020,Ankara,Thread https://t.co/ME10mc0jEf,[]
2622,1262836459314298883,Tue May 19 20:04:08 +0000 2020,Barrhead,Great advice for getting through 'lockdown'. https://t.co/0gCKhewdvG,[]
2626,1251466603113447424,Sat Apr 18 11:04:23 +0000 2020,"Nairobi, Kenya",Behavioral science and disease prevention by the BPS- absolute need of the hour! https://t.co/WYyp3F9Ken,[]
2630,1254721671308685312,Mon Apr 27 10:38:52 +0000 2020,Trinidad & Tobago,"Too much PR, too little substance! https://t.co/ut4HG1zfZF",[]
2651,1261576186938961921,Sat May 16 08:36:16 +0000 2020,"London, UK",Interesting... https://t.co/NvGidEMRC9,[]
2655,1238112664024502276,Thu Mar 12 14:40:36 +0000 2020,"South East, England","So how are you planning to 'cocoon' my 25yr old son a secondary school teacher if you're not closing schools @mariacaulfield @MattHancock @NHSEngland @CMO_England @PHE_uk @B_I_Tweets ???
üò†üò¨ https://t.co/rEmmJdf918",[]
2662,1257916616462893057,Wed May 06 06:14:26 +0000 2020,Melbourne,Great piece from @PeterSlattery1 https://t.co/FE9JARGD8s,[]
2663,1235093255097700352,Wed Mar 04 06:42:33 +0000 2020,"London, UK",Love it. Com-B strikes again. https://t.co/t9IB3pwNgw,[]
2666,1250042346466656257,Tue Apr 14 12:44:54 +0000 2020,United Kingdom,All for 1%. None for all. https://t.co/UM8PQAJS5w,[]
2671,1258718594441138177,Fri May 08 11:21:13 +0000 2020,,This has not aged well. Wondering WTF went wrong @ByDonkeys ? How about a PM surrounding himself with non-experts for a start.  Dig further and check out the shocking psyops on the people. https://t.co/63hwh2NdyG,[]
2677,1257399493366091777,Mon May 04 19:59:35 +0000 2020,"York, England",Looking forward to this tomorrow! https://t.co/pCVdbPlmYy,[]
2680,1238227004161495046,Thu Mar 12 22:14:57 +0000 2020,"Berlin, Germany","I really hope that my friends in the UK manage to mount a joint (interdisciplinary but MEDICAL, not BEHAVIORAL science-led) response to the crisis that balances evidence/precaution. https://t.co/RL2T0Ynku1",[]
2683,1254858689200001024,Mon Apr 27 19:43:20 +0000 2020,,"The ""science"" of understanding behavior, let alone change, is very preliminary.  How is change measured, over what period of time? e.g., https://t.co/XzzzBIUixW",[]
2684,1238193651806806017,Thu Mar 12 20:02:25 +0000 2020,Hungary,I am really desperate about this @drng They are gambling with people‚Äôs lives. It is shocking @MarkHiggie1 https://t.co/4e6Ks8oaLm,[]
2688,1248139199221465088,Thu Apr 09 06:42:29 +0000 2020,London,"We LOVED doing this podcast - check it out !
#ripple #ripple-book.com https://t.co/1tFt9Bpady",[]
2700,1238227206134009857,Thu Mar 12 22:15:45 +0000 2020,Dundee,All vulnerable groups? Some? Using what criteria? https://t.co/Ss0PsDuZtr,[]
2711,1238180591448788994,Thu Mar 12 19:10:31 +0000 2020,UK,Thread. What our intuition tells us is not always the right course of action. https://t.co/0aMvShYejn,[]
2712,1243529709746561024,Fri Mar 27 13:26:01 +0000 2020,Trieste,"Very relevant and timely reporting. 

Four big alarm bells:

Using a PR firm (üîî1) to promote a study rejected by many in the field (üîî2), that hasn't been peer-reviewed (üîî3) and that happens to support government's views (üîî4). https://t.co/muermAGlV6",[]
2726,1257329838152724486,Mon May 04 15:22:48 +0000 2020,"London, Canterbury","Agree. Don't think I have used this word much until recently. My main fatigue: screen fatigue. 

I have not managed to watch films or series in lockdown. https://t.co/gAyIvInvZv",[]
2729,1238148285770145792,Thu Mar 12 17:02:09 +0000 2020,Malaga,I hope you do remember what the members of this government think of EXPERTS https://t.co/mRrbFORIlm,[]
2733,1270027734903853062,Mon Jun 08 16:19:42 +0000 2020,Southampton/ Limerick,Keep SAFE: ‚ÄòSanitise ‚Äì Apart ‚Äì Face ‚Äì Elbows‚Äô https://t.co/y2OnEgLK4T,[]
2739,1250112255947128835,Tue Apr 14 17:22:42 +0000 2020,,Good news despite the #How2020CouldGetWorse sentiment! https://t.co/OSXx5VtmCp,[]
2740,1250042859522338816,Tue Apr 14 12:46:57 +0000 2020,,how did this work out @BBCMarkEaston ? https://t.co/mFKffgn7cD,[]
2742,1238195275015098370,Thu Mar 12 20:08:52 +0000 2020,,This is absolute nonsense https://t.co/5XZdqN8vY5,[]
2744,1239636194046160897,Mon Mar 16 19:34:34 +0000 2020,"Manchester, UK",This is so true. It is endemic in many organisations https://t.co/ONNJjiusRL,[]
2746,1238544241195958273,Fri Mar 13 19:15:32 +0000 2020,"South West, England",Seems like a very dangerous social experiment going on here https://t.co/bhdVWvtRYi,[]
2759,1250176218097274880,Tue Apr 14 21:36:52 +0000 2020,"Vancouver, British Columbia",Good news for the moment (though look at those age differences). Will be keeping an eye on whether this number starts to change. #StayHome https://t.co/Nlo1yfz7Oh,[]
2762,1260658293644525569,Wed May 13 19:48:53 +0000 2020,"Bogot√°, Colombia",Very related to the work @Juanitagomezg1 is doing with @CIFOR on #Guyana #wildlife @GomeraM @UNEP and her blog: https://t.co/oZ2Ab9Ebo7 @SEIenEspanol https://t.co/X62rQ5pVtJ,[]
2769,1250518607286730752,Wed Apr 15 20:17:24 +0000 2020,UK,Glad to hear that it was helpful üôè https://t.co/dOlJeDZpXf,[]
2770,1265552186286768128,Wed May 27 07:55:28 +0000 2020,Lebanon,We need more of this https://t.co/Tr4pqCd8lt,[]
2771,1238254570863767553,Fri Mar 13 00:04:30 +0000 2020,HMS Bounty,Cocoon...How and where ? Salisbury Plain ? Cheviot Hills ? This is a Government Expert!!!! https://t.co/k81Su9hzOc,[]
2772,1239637464412835840,Mon Mar 16 19:39:37 +0000 2020,"North East, England",#Socialists can you help get the message out coz Johnson is an asshat who even Trump is outperforming https://t.co/E9ykz45clv,[]
2778,1238366064158932992,Fri Mar 13 07:27:32 +0000 2020,Green Door,People go to the pub before live sporting events https://t.co/YOrRlxmVWR,[]
2785,1261273909795700736,Fri May 15 12:35:08 +0000 2020,,"""Different"" newspapers; same owners https://t.co/leVzylmJiI",[]
2786,1241374206299758593,Sat Mar 21 14:40:49 +0000 2020,California / UK,Great thread. Digesting Timor‚Äôs excellent book (Private Truths Public Lies) would be an smart way to self isolate. https://t.co/5hhJ6gJfcf,[]
2793,1234939977861079040,Tue Mar 03 20:33:29 +0000 2020,United Kingdom,Application of the COM-B framework @joannemarley https://t.co/OtYQIS54sa,[]
2805,1252988746900942849,Wed Apr 22 15:52:51 +0000 2020,"Dublin City, Ireland",Re-upping this at a time when I think fatigue is growing and noncompliance with it. https://t.co/jdQUS2IozA,[]
2808,1243154780102578176,Thu Mar 26 12:36:10 +0000 2020,Ottawa,"""...concept of ‚Äòpanic‚Äô has largely been abandoned by researchers in the field since it neither describes nor explains what ppl usually do in disaster. Instead, focus has shifted to factors which optimise how ppl respond: what allows ppl to work with each-other"". / cc @dgardner https://t.co/YYBQV6BOj6",[]
2814,1260592362155323394,Wed May 13 15:26:54 +0000 2020,Inside a simulation ,"Everything the MSM says is about manipulation, fear, &amp; control. https://t.co/LhhVNTly04",[]
2823,1266133024351150082,Thu May 28 22:23:31 +0000 2020,,ICYMI @Jackson_Carlaw @AnnieWellsMSP @ScotTories @RuthDavidsonMSP @BorisJohnson @Conservatives this is what clear leadership looks like https://t.co/AMQfiuyVyn,[]
2845,1238145577482936321,Thu Mar 12 16:51:23 +0000 2020,"South East, England",Great idea. One small problem - How are we going to 'cocoon' several million people for several months? https://t.co/EkLmNIKXLW,[]
2854,1261252016015319040,Fri May 15 11:08:08 +0000 2020,"Toronto, Ontario",This was very good interview! https://t.co/I0E0aoHsgK,[]
2860,1238119065316712448,Thu Mar 12 15:06:02 +0000 2020,,"I find this thought incomprehensible. 15-20% of CV Plague sufferers ""need"" hospitalisation. There isn't some tiny ""vulnerable group"" with everyone else being OK. The key problem is that most of that 15-20% will not get hospital treatment if CV Plague spreads too rapidly. https://t.co/s81y7XwNuY",[]
2861,1257738544598200322,Tue May 05 18:26:51 +0000 2020,"Canterbury, Kent","Very interesting discussion, glad I could make it today https://t.co/F1pmraxc0v",[]
2871,1244396940374282245,Sun Mar 29 22:52:05 +0000 2020,London,Thanks for great work. Unlikely media will pick it and investigate what appears to be a scandal that requires a public inquiry. https://t.co/1gIc5S7nxg,[]
2878,1257566246268272640,Tue May 05 07:02:12 +0000 2020,London,Coming up today!! A few places left... https://t.co/Jmoh0Oi6z0,[]
2879,1238115771932381184,Thu Mar 12 14:52:57 +0000 2020,Cambridge,"Hi @BBCMarkEaston, would love some clarifying that the ‚Äòscience advisor‚Äô here specialises in *political and social sciences*? https://t.co/VohGgiALdO",[]
2883,1247104660432961537,Mon Apr 06 10:11:35 +0000 2020,London,"New issue, new look. Its all go at @CampbellTickel1 Campbe https://t.co/c8WUXTQQvs",[]
2892,1261678919234859009,Sat May 16 15:24:29 +0000 2020,,THATS IREEGAL https://t.co/Ifoqxys31v,[]
2893,1257358096747450370,Mon May 04 17:15:05 +0000 2020,"New Delhi, India","Thank you @amitabhk87
@NITIAayog for collaboration!! 

2.9 million #SeniorCitizen of 25 #AspirationalDistricts will be supported virtually by #ApnaSathi in partnership with #DistrictAdministration!! 
#ApnoKaDhyan #AspirationalDistricts https://t.co/iLfatNHdbQ",[]
2895,1238379122042298368,Fri Mar 13 08:19:25 +0000 2020,,"Yes, they are playing  Russian roulette with a  population. It's dystopian. https://t.co/UOvCOHMLW1",[]
2904,1262854041186578437,Tue May 19 21:14:00 +0000 2020,,"Digital contact tracing *can* be easy to use, easy to understand, effective, and (most importantly) completely anonymous. https://t.co/jeuLiZP4Oc",[]
2924,1238149015939747841,Thu Mar 12 17:05:03 +0000 2020,"England, United Kingdom",Lock gran up for a cpl of weeks and all will be o.k.! https://t.co/Wetv9cMKRS,[]
2925,1242992034069090305,Thu Mar 26 01:49:29 +0000 2020,"Davao Region, Republic of the Philippines","How to take care of ourselves in a time of crisis:
Harness your emotions.
Control your thoughts.
Adopt helpful behaviors. https://t.co/X7nAuBOq1Q",[]
2926,1243309050521161729,Thu Mar 26 22:49:11 +0000 2020,,Read and retweet! https://t.co/oTzyavlYRQ,[]
2952,1251219246845132803,Fri Apr 17 18:41:29 +0000 2020,accra,"From the communications and PR giant @Esther_Cobbah. @faithsenam @iprGhOfficial
@Mswenani
Thank you for this article. A great read!!!! https://t.co/Lo737BVyFP",[]
2957,1238249852057894913,Thu Mar 12 23:45:44 +0000 2020,"North East Fife, Scotland",Like F1 the events should not take place. https://t.co/ZmHPJvnyw5,[]
2962,1238146231450378244,Thu Mar 12 16:53:59 +0000 2020,"Edinburgh, Europe","Vulnerable and old people stay at home please. 

Please don't be a bother. 

Cocoon yourself.  Wrap yourself away and don't bother the economically active https://t.co/df4Z2jNevV",[]
2972,1240314975727558658,Wed Mar 18 16:31:48 +0000 2020,"By the sea, Devon",Love this....it will resonate with so many. https://t.co/DCnouW60zD,[]
2975,1259036695347048450,Sat May 09 08:25:14 +0000 2020,Nr London,"@sfinnikin @MohanpalSinghC When we were at @Rethinking_Med I remember using napkins so that I wouldn't have to touch the carafes/coffee pot handles and to take a cup from the stack without touching others in it.
It reminded me of x-contamination training for kitchen hygeine. https://t.co/3ePOBjowet",[]
2983,1238857548020809734,Sat Mar 14 16:00:30 +0000 2020,"Paris, France",Yes. But I think we already know whether the research would survive public scrutiny. https://t.co/HEtI31A2eF,[]
2985,1245622163593293824,Thu Apr 02 08:00:40 +0000 2020,"Nairobi, Kenya","This is what I don't get. It was so OBVIOUSLY ill times. This parading. 

Announce and move on. 

They were obviously media trained, can't fault that. The timing is just off. https://t.co/2LOwjpkVFI",[]
2998,1238126037030010881,Thu Mar 12 15:33:45 +0000 2020,"Egham, South East","The fact our government has chosen to get advise from this person who puts forward pseudoscience, not facts, is shameful.

We should be very furious with the leadership of our country right now.

They are failing to protect us. People will die because of these decisions. https://t.co/5m2oVqdtK0",[]
3006,1242332471158595584,Tue Mar 24 06:08:37 +0000 2020,"Nairobi, Kenya",Time for mass testing https://t.co/HfQp0qjSd7,[]
3007,1238394414671605760,Fri Mar 13 09:20:11 +0000 2020,Londoner in Hong Kong,This https://t.co/Hd0XBW5o8T,[]
3010,1238249787885064199,Thu Mar 12 23:45:29 +0000 2020,"√úT: -33.96363,18.49277",You don‚Äôt have to play them at all - just cancel or postpone https://t.co/o7cuh7zuyx,[]
3015,1244458136972464128,Mon Mar 30 02:55:15 +0000 2020,"Canberra, Australian Capital Territory","There‚Äôs lots of great reading in today‚Äôs @realkmmag Weekly Wrap e-newsletter - check it out!

#km #kmers #knowledgemanagement https://t.co/t9Za3jLUdE",[]
3024,1245470214659112960,Wed Apr 01 21:56:53 +0000 2020,Nairobi Kenya,Teller PR  Comms dint advise chairman? https://t.co/5OUbyB97oZ,[]
3045,1261288730666717185,Fri May 15 13:34:01 +0000 2020,Ottawa,We need an update from him literally every two weeks. Please! https://t.co/LK3wIuftMW,[]
3047,1251455926382424069,Sat Apr 18 10:21:58 +0000 2020,IndiaüáÆüá≥,"Excellent Guidance - reference material, particularly  for workplaces.  the term ""Physical Distancing"" is more appropriate than ""Social Distancing"" to avoid discouraging vital social interactions. https://t.co/jmZ7vS2lzQ",[]
3048,1243087646634717186,Thu Mar 26 08:09:25 +0000 2020,"Cardiff, Wales, UK",Although new data is being produced all the time now to refine the model. https://t.co/Shgbpc38mI,[]
3049,1245472195469508608,Wed Apr 01 22:04:45 +0000 2020,,"The UK government must have known, at this point in time, that the virus was circulating widely across the country, and yet it talked vaguely of some future plan of ‚Äúcocooning the vulnerable‚Äù whilst telling them and everyone else to carry on as normal https://t.co/HumBcYn0cn",[]
3053,1248233589105360896,Thu Apr 09 12:57:33 +0000 2020,"Bethesda, MD",I look forward to reading this üëá https://t.co/IHv2diXHcH,[]
3057,1257965770711187456,Wed May 06 09:29:46 +0000 2020,"Nottingham, England",Enjoyed participating! https://t.co/PElRLrzIpt,[]
3072,1238398788609417216,Fri Mar 13 09:37:34 +0000 2020,,Please. https://t.co/nlOr6K88uq,[]
3075,1238395902584328194,Fri Mar 13 09:26:06 +0000 2020,,"Yes, unfortunately I did know. I also know I cannot trust government since our esteemed evil clown decreed that we should expect to die.
I will not roll over and take the beating. https://t.co/uCQkcOmBBO",[]
3077,1238128698244677639,Thu Mar 12 15:44:19 +0000 2020,"London, UK",So ‚Äòat risk‚Äô ‚Äòvulnerable‚Äô  #WASPI women get ‚Äúcocooned‚Äù whilst also being forced to work because their pensions were stolen. How‚Äôs that going to work then? #BackTo60 https://t.co/Qz9sG4dTZX,[]
3079,1256575442917654528,Sat May 02 13:25:06 +0000 2020,"Herndon, Va.","Evidence review worth reading. Kinda hard to do an RCT on whether masks stop you from spreading it to random strangers at Walmart, though, so a lot of these measure whether they stop stuff from spreading among close contacts. https://t.co/rlnsxN1iqL",[]
3085,1257952874111303681,Wed May 06 08:38:31 +0000 2020,Kent,This is brilliant ‚¨áÔ∏è. Many thanks to Jon and team https://t.co/uloXG8noGw,[]
3086,1238127247489458178,Thu Mar 12 15:38:33 +0000 2020,UK,I don't get 'cocooning'. Won't we have to accept we all need to practice social distancing rather than just carrying on and isolating specific groups? Older people and those who are immunocompromised are our families and friends. How can we isolate them and not also ourselves? https://t.co/G01wIIoFpW,[]
3094,1238125541229842433,Thu Mar 12 15:31:46 +0000 2020,,"You should be ashamed to air such twaddle, is he a health specialist https://t.co/LB6CTnvOXo",[]
3096,1238127582916329473,Thu Mar 12 15:39:53 +0000 2020,Bleeding Herts,"Lovely, stick us in a ghetto, then when (inevitably) someone introduced the virus it'll go through us like a dose of salts! https://t.co/dNfteoT0Tp",[]
3105,1238123266574897153,Thu Mar 12 15:22:44 +0000 2020,"Crouch End, Tossa de Mar","Wow..

Really? https://t.co/9Hv6oyupa2",[]
3106,1258091507074183170,Wed May 06 17:49:24 +0000 2020,UK,"Do give this a watch... and don't worry, I'm on at the start but then not so much... although it's hard to resist joining in with such great discussants! https://t.co/U0bdZjqkb5",[]
